{
    "Atelectasis": 0.286721408367157,
    "Cardiomegaly": 0.3403064012527466,
    "Consolidation": 0.28419461846351624,
    "Edema": 0.3085620105266571,
    "Pleural Effusion": 0.2503674626350403
}