{
    "AUROC": {
        "No Finding": 0.836038961038961,
        "Enlarged Cardiomediastinum": 0.5459261519682637,
        "Cardiomegaly": 0.8368652037617555,
        "Lung Opacity": 0.5,
        "Lung Lesion": 0.724609375,
        "Edema": 0.883396336144228,
        "Consolidation": 0.8682373472949388,
        "Pneumonia": 0.4532828282828283,
        "Atelectasis": 0.8053861788617886,
        "Pneumothorax": 0.8787878787878788,
        "Pleural Effusion": 0.9059028353506882,
        "Pleural Other": 0.9661989795918368,
        "Fracture": 0.5,
        "Support Devices": 0.9410469422480232
    },
    "AUROC_subset_mean": 0.8599575802826799,
    "F1_per_class": {
        "No Finding": 0.5901639344262294,
        "Enlarged Cardiomediastinum": 0.6250000000000001,
        "Cardiomegaly": 0.6573426573426572,
        "Lung Opacity": 0.5239852398523985,
        "Lung Lesion": 0.08888888888888889,
        "Edema": 0.5652173913043478,
        "Consolidation": 0.3870967741935484,
        "Pneumonia": 0.0,
        "Atelectasis": 0.47500000000000003,
        "Pneumothorax": 0.0,
        "Pleural Effusion": 0.6666666666666667,
        "Pleural Other": 0.39999999999999997,
        "Fracture": 0.02955665024630542,
        "Support Devices": 0.8494623655913978
    },
    "F1_subset_mean": 0.5502646979014439,
    "Youden_per_class": {
        "No Finding": 0.5228684359119142,
        "Enlarged Cardiomediastinum": 0.09205574204048417,
        "Cardiomegaly": 0.5717868338557994,
        "Lung Opacity": 0.0,
        "Lung Lesion": 0.06770833333333348,
        "Edema": 0.6068624600174468,
        "Consolidation": 0.5828970331588132,
        "Pneumonia": -0.045454545454545414,
        "Atelectasis": 0.37533875338753386,
        "Pneumothorax": 0.0,
        "Pleural Effusion": 0.6697065163322833,
        "Pleural Other": 0.7091836734693877,
        "Fracture": 0.0,
        "Support Devices": 0.717345611049945
    },
    "Youden-index_subset_mean": 0.5613183193503752,
    "Accuracy_per_class": {
        "No Finding": 0.75,
        "Enlarged Cardiomediastinum": 0.49,
        "Cardiomegaly": 0.755,
        "Lung Opacity": 0.355,
        "Lung Lesion": 0.795,
        "Edema": 0.9,
        "Consolidation": 0.905,
        "Pneumonia": 0.945,
        "Atelectasis": 0.79,
        "Pneumothorax": 0.99,
        "Pleural Effusion": 0.85,
        "Pleural Other": 0.955,
        "Fracture": 0.015,
        "Support Devices": 0.86
    },
    "Accuracy_subset_mean": 0.8400000000000001
}