{
    "AUROC": {
        "No Finding": 0.8507142857142858,
        "Enlarged Cardiomediastinum": 0.6588034188034187,
        "Cardiomegaly": 0.8070054945054944,
        "Lung Opacity": 0.4151081774844151,
        "Lung Lesion": 0.4285714285714286,
        "Edema": 0.877608695652174,
        "Consolidation": 0.9261333333333334,
        "Pneumonia": 0.6930272108843537,
        "Atelectasis": 0.8586519114688128,
        "Pneumothorax": 0.7304421768707483,
        "Pleural Effusion": 0.918236757909705,
        "Pleural Other": 0.9025974025974026,
        "Fracture": NaN,
        "Support Devices": 0.9313922356091031
    },
    "AUROC_subset_mean": 0.877527238573904,
    "F1_per_class": {
        "No Finding": 0.6037735849056604,
        "Enlarged Cardiomediastinum": 0.7533632286995515,
        "Cardiomegaly": 0.7132867132867134,
        "Lung Opacity": 0.7890625,
        "Lung Lesion": 0.02197802197802198,
        "Edema": 0.7000000000000001,
        "Consolidation": 0.761904761904762,
        "Pneumonia": 0.1875,
        "Atelectasis": 0.7804878048780488,
        "Pneumothorax": 0.5454545454545454,
        "Pleural Effusion": 0.8256880733944953,
        "Pleural Other": 0.029411764705882353,
        "Fracture": 0.0,
        "Support Devices": 0.8875739644970415
    },
    "F1_subset_mean": 0.7562734706928039,
    "Youden_per_class": {
        "No Finding": 0.5892857142857144,
        "Enlarged Cardiomediastinum": 0.17948717948717952,
        "Cardiomegaly": 0.4891826923076923,
        "Lung Opacity": 0.0,
        "Lung Lesion": 0.42207792207792205,
        "Edema": 0.6576086956521738,
        "Consolidation": 0.7280000000000002,
        "Pneumonia": 0.2321428571428572,
        "Atelectasis": 0.5561703554661301,
        "Pneumothorax": 0.375,
        "Pleural Effusion": 0.7140063988624243,
        "Pleural Other": 0.5714285714285714,
        "Fracture": 0.0,
        "Support Devices": 0.7508366800535475
    },
    "Youden-index_subset_mean": 0.6289936284576841,
    "Accuracy_per_class": {
        "No Finding": 0.7290322580645161,
        "Enlarged Cardiomediastinum": 0.6451612903225806,
        "Cardiomegaly": 0.7354838709677419,
        "Lung Opacity": 0.6516129032258065,
        "Lung Lesion": 0.4258064516129032,
        "Edema": 0.8064516129032258,
        "Consolidation": 0.9032258064516129,
        "Pneumonia": 0.832258064516129,
        "Atelectasis": 0.7677419354838709,
        "Pneumothorax": 0.967741935483871,
        "Pleural Effusion": 0.8774193548387097,
        "Pleural Other": 0.5741935483870968,
        "Fracture": 1.0,
        "Support Devices": 0.8774193548387097
    },
    "Accuracy_subset_mean": 0.8180645161290322
}