{
    "AUROC": {
        "No Finding": 0.8269339356295878,
        "Enlarged Cardiomediastinum": 0.672566371681416,
        "Cardiomegaly": 0.8151724137931035,
        "Lung Opacity": 0.43410852713178294,
        "Lung Lesion": 0.7428385416666667,
        "Edema": 0.8985170107589415,
        "Consolidation": 0.8877254217568353,
        "Pneumonia": 0.6085858585858586,
        "Atelectasis": 0.8284214092140921,
        "Pneumothorax": 0.7550505050505051,
        "Pleural Effusion": 0.8567401757585806,
        "Pleural Other": 0.9260204081632654,
        "Fracture": 0.7783417935702199,
        "Support Devices": 0.9435491942748474
    },
    "AUROC_subset_mean": 0.8573152862563106,
    "F1_per_class": {
        "No Finding": 0.5636363636363637,
        "Enlarged Cardiomediastinum": 0.6062717770034843,
        "Cardiomegaly": 0.5619834710743802,
        "Lung Opacity": 0.5239852398523985,
        "Lung Lesion": 0.16666666666666669,
        "Edema": 0.36363636363636365,
        "Consolidation": 0.23255813953488372,
        "Pneumonia": 0.03076923076923077,
        "Atelectasis": 0.48214285714285726,
        "Pneumothorax": 0.0,
        "Pleural Effusion": 0.6666666666666667,
        "Pleural Other": 0.047619047619047616,
        "Fracture": 0.0,
        "Support Devices": 0.8743169398907104
    },
    "F1_subset_mean": 0.46139749961103027,
    "Youden_per_class": {
        "No Finding": 0.45962732919254656,
        "Enlarged Cardiomediastinum": 0.0,
        "Cardiomegaly": 0.3974921630094044,
        "Lung Opacity": 0.0,
        "Lung Lesion": 0.3802083333333335,
        "Edema": 0.5492875835998836,
        "Consolidation": 0.4037230948225714,
        "Pneumonia": 0.36363636363636376,
        "Atelectasis": 0.4512195121951219,
        "Pneumothorax": 0.0,
        "Pleural Effusion": 0.5516498093185209,
        "Pleural Other": 0.18367346938775508,
        "Fracture": 0.0,
        "Support Devices": 0.7664898408567711
    },
    "Youden-index_subset_mean": 0.47067443258910047,
    "Accuracy_per_class": {
        "No Finding": 0.76,
        "Enlarged Cardiomediastinum": 0.435,
        "Cardiomegaly": 0.735,
        "Lung Opacity": 0.355,
        "Lung Lesion": 0.75,
        "Edema": 0.72,
        "Consolidation": 0.835,
        "Pneumonia": 0.37,
        "Atelectasis": 0.71,
        "Pneumothorax": 0.99,
        "Pleural Effusion": 0.89,
        "Pleural Other": 0.2,
        "Fracture": 0.985,
        "Support Devices": 0.885
    },
    "Accuracy_subset_mean": 0.778
}