{
    "Atelectasis": 0.46860939264297485,
    "Cardiomegaly": 0.530055046081543,
    "Consolidation": 0.43593376874923706,
    "Edema": 0.46436774730682373,
    "Pleural Effusion": 0.43921080231666565
}