{
    "Atelectasis": 0.492244690656662,
    "Cardiomegaly": 0.5172737836837769,
    "Consolidation": 0.4495348036289215,
    "Edema": 0.4945068359375,
    "Pleural Effusion": 0.4255315363407135
}