{
    "AUROC": {
        "No Finding": 0.8538961038961039,
        "Enlarged Cardiomediastinum": 0.7209846404231512,
        "Cardiomegaly": 0.8722257053291537,
        "Lung Opacity": 0.3982967572879135,
        "Lung Lesion": 0.708984375,
        "Edema": 0.9060773480662982,
        "Consolidation": 0.9232111692844677,
        "Pneumonia": 0.6287878787878788,
        "Atelectasis": 0.8511178861788617,
        "Pneumothorax": 0.8383838383838383,
        "Pleural Effusion": 0.9431271762560106,
        "Pleural Other": 0.985969387755102,
        "Fracture": 0.8967851099830796,
        "Support Devices": 0.9580622560304274
    },
    "AUROC_subset_mean": 0.8991518570229584,
    "F1_per_class": {
        "No Finding": 0.6,
        "Enlarged Cardiomediastinum": 0.6126760563380282,
        "Cardiomegaly": 0.7,
        "Lung Opacity": 0.5239852398523985,
        "Lung Lesion": 0.13186813186813184,
        "Edema": 0.5614035087719298,
        "Consolidation": 0.4,
        "Pneumonia": 0.02439024390243903,
        "Atelectasis": 0.5436893203883495,
        "Pneumothorax": 0.0,
        "Pleural Effusion": 0.6585365853658536,
        "Pleural Other": 0.08695652173913045,
        "Fracture": 0.02955665024630542,
        "Support Devices": 0.8913043478260869
    },
    "F1_subset_mean": 0.5727258829052266,
    "Youden_per_class": {
        "No Finding": 0.4963297571993224,
        "Enlarged Cardiomediastinum": 0.026548672566371723,
        "Cardiomegaly": 0.6426332288401253,
        "Lung Opacity": 0.0,
        "Lung Lesion": 0.3489583333333335,
        "Edema": 0.7205583018319279,
        "Consolidation": 0.588132635253054,
        "Pneumonia": 0.101010101010101,
        "Atelectasis": 0.5399728997289972,
        "Pneumothorax": -0.005050505050505083,
        "Pleural Effusion": 0.6193002818769688,
        "Pleural Other": 0.5714285714285714,
        "Fracture": 0.0,
        "Support Devices": 0.7968171354218798
    },
    "Youden-index_subset_mean": 0.6221194695062147,
    "Accuracy_per_class": {
        "No Finding": 0.8,
        "Enlarged Cardiomediastinum": 0.45,
        "Cardiomegaly": 0.79,
        "Lung Opacity": 0.355,
        "Lung Lesion": 0.605,
        "Edema": 0.875,
        "Consolidation": 0.91,
        "Pneumonia": 0.6,
        "Atelectasis": 0.765,
        "Pneumothorax": 0.985,
        "Pleural Effusion": 0.86,
        "Pleural Other": 0.58,
        "Fracture": 0.015,
        "Support Devices": 0.9
    },
    "Accuracy_subset_mean": 0.8400000000000001
}