{
    "Atelectasis": 0.43798911571502686,
    "Cardiomegaly": 0.22825130820274353,
    "Consolidation": 0.28458043932914734,
    "Edema": 0.19613735377788544,
    "Pleural Effusion": 0.17317897081375122
}