{
    "Atelectasis": 0.08795575052499771,
    "Cardiomegaly": 0.12217254191637039,
    "Consolidation": 0.1676722913980484,
    "Edema": 0.12692812085151672,
    "Pleural Effusion": 0.22070328891277313
}