{
    "accuracy": 0.2978571355342865,
    "youden_index": {
        "No Finding": 0.019009709358215332,
        "Enlarged Cardiomediastinum": 0.02205514907836914,
        "Cardiomegaly": 0.0,
        "Lung Opacity": 0.02380955219268799,
        "Lung Lesion": 0.3819096088409424,
        "Edema": 0.0,
        "Consolidation": 0.011904716491699219,
        "Pneumonia": 0.036458373069763184,
        "Atelectasis": 0.0,
        "Pneumothorax": 0.27663230895996094,
        "Pleural Effusion": 0.05698525905609131,
        "Pleural Other": 0.0,
        "Fracture": -1.0,
        "Support Devices": 0.0
    },
    "f1_score": {
        "No Finding": 0.23255813953488372,
        "Enlarged Cardiomediastinum": 0.6910299003322259,
        "Cardiomegaly": 0.49624060150375937,
        "Lung Opacity": 0.7388535031847133,
        "Lung Lesion": 0.016,
        "Edema": 0.34710743801652894,
        "Consolidation": 0.27826086956521745,
        "Pneumonia": 0.07960199004975126,
        "Atelectasis": 0.5454545454545454,
        "Pneumothorax": 0.08403361344537814,
        "Pleural Effusion": 0.496,
        "Pleural Other": 0.009950248756218907,
        "Fracture": 0.0,
        "Support Devices": 0.6622073578595317
    },
    "average_youden_index": 0.013777995482087135,
    "average_f1_score": 0.43261269090801024
}