{
    "Atelectasis": 0.38847923278808594,
    "Cardiomegaly": 0.27424657344818115,
    "Consolidation": 0.26029494404792786,
    "Edema": 0.2789784073829651,
    "Pleural Effusion": 0.21446853876113892
}