{
    "Atelectasis": 0.2924315929412842,
    "Cardiomegaly": 0.2416170835494995,
    "Consolidation": 0.21904973685741425,
    "Edema": 0.310834139585495,
    "Pleural Effusion": 0.21038766205310822
}