{
    "Atelectasis": 0.5260359644889832,
    "Cardiomegaly": 0.2090277075767517,
    "Consolidation": 0.2845095098018646,
    "Edema": 0.2327936440706253,
    "Pleural Effusion": 0.19993294775485992
}