{
    "Atelectasis": 0.3626916706562042,
    "Cardiomegaly": 0.17366072535514832,
    "Consolidation": 0.2195761650800705,
    "Edema": 0.18968330323696136,
    "Pleural Effusion": 0.2062911093235016
}