{
    "Atelectasis": 0.4095304012298584,
    "Cardiomegaly": 0.18630187213420868,
    "Consolidation": 0.22505882382392883,
    "Edema": 0.2135293185710907,
    "Pleural Effusion": 0.1929953545331955
}