{
    "AUROC": {
        "No Finding": 0.839356295878035,
        "Enlarged Cardiomediastinum": 0.7162038449801649,
        "Cardiomegaly": 0.863448275862069,
        "Lung Opacity": 0.3887979037012774,
        "Lung Lesion": 0.7213541666666667,
        "Edema": 0.9054957836580401,
        "Consolidation": 0.9237929028504945,
        "Pneumonia": 0.7348484848484849,
        "Atelectasis": 0.8462059620596206,
        "Pneumothorax": 0.8383838383838383,
        "Pleural Effusion": 0.9431271762560106,
        "Pleural Other": 0.9846938775510204,
        "Fracture": 0.7208121827411167,
        "Support Devices": 0.9617655890301271
    },
    "AUROC_subset_mean": 0.8964140201372469,
    "F1_per_class": {
        "No Finding": 0.6285714285714286,
        "Enlarged Cardiomediastinum": 0.6635514018691588,
        "Cardiomegaly": 0.6434782608695652,
        "Lung Opacity": 0.5239852398523985,
        "Lung Lesion": 0.1411764705882353,
        "Edema": 0.5161290322580645,
        "Consolidation": 0.35897435897435903,
        "Pneumonia": 0.038461538461538464,
        "Atelectasis": 0.5393258426966292,
        "Pneumothorax": 0.03571428571428571,
        "Pleural Effusion": 0.675,
        "Pleural Other": 0.09302325581395349,
        "Fracture": 0.0,
        "Support Devices": 0.8924731182795699
    },
    "F1_subset_mean": 0.5465814989597236,
    "Youden_per_class": {
        "No Finding": 0.6318464144551101,
        "Enlarged Cardiomediastinum": 0.32051673278405035,
        "Cardiomegaly": 0.5141065830721003,
        "Lung Opacity": 0.0,
        "Lung Lesion": 0.3802083333333335,
        "Edema": 0.6929339924396627,
        "Consolidation": 0.6573589296102385,
        "Pneumonia": 0.49494949494949503,
        "Atelectasis": 0.48983739837398366,
        "Pneumothorax": 0.23232323232323226,
        "Pleural Effusion": 0.6315702205272757,
        "Pleural Other": 0.6020408163265305,
        "Fracture": 0.0,
        "Support Devices": 0.7974176759083176
    },
    "Youden-index_subset_mean": 0.5971614248046521,
    "Accuracy_per_class": {
        "No Finding": 0.74,
        "Enlarged Cardiomediastinum": 0.64,
        "Cardiomegaly": 0.795,
        "Lung Opacity": 0.355,
        "Lung Lesion": 0.635,
        "Edema": 0.85,
        "Consolidation": 0.875,
        "Pneumonia": 0.5,
        "Atelectasis": 0.795,
        "Pneumothorax": 0.73,
        "Pleural Effusion": 0.87,
        "Pleural Other": 0.61,
        "Fracture": 0.985,
        "Support Devices": 0.9
    },
    "Accuracy_subset_mean": 0.837
}