{
    "Atelectasis": 0.36262574791908264,
    "Cardiomegaly": 0.170867919921875,
    "Consolidation": 0.21496546268463135,
    "Edema": 0.18136121332645416,
    "Pleural Effusion": 0.20285680890083313
}