{
    "Atelectasis": 0.437789648771286,
    "Cardiomegaly": 0.22796085476875305,
    "Consolidation": 0.28417643904685974,
    "Edema": 0.1958673596382141,
    "Pleural Effusion": 0.17308376729488373
}