{
    "Atelectasis": 0.2574416995048523,
    "Cardiomegaly": 0.2078772336244583,
    "Consolidation": 0.22993727028369904,
    "Edema": 0.2761334776878357,
    "Pleural Effusion": 0.18272656202316284
}