{
    "AUROC": {
        "No Finding": 0.9011936339522546,
        "Enlarged Cardiomediastinum": 0.6085213032581454,
        "Cardiomegaly": 0.7734056987788331,
        "Lung Opacity": 0.36176108374384236,
        "Lung Lesion": 0.44221105527638194,
        "Edema": 0.8975286317058468,
        "Consolidation": 0.9053199404761905,
        "Pneumonia": 0.6751302083333334,
        "Atelectasis": 0.84032,
        "Pneumothorax": 0.86340206185567,
        "Pleural Effusion": 0.9018841911764706,
        "Pleural Other": 0.8291457286432161,
        "Fracture": NaN,
        "Support Devices": 0.8862886288628863
    },
    "AUROC_subset_mean": 0.8636916924274682,
    "F1_per_class": {
        "No Finding": 0.5428571428571428,
        "Enlarged Cardiomediastinum": 0.6885245901639345,
        "Cardiomegaly": 0.5985401459854015,
        "Lung Opacity": 0.7341772151898733,
        "Lung Lesion": 0.0,
        "Edema": 0.5815602836879433,
        "Consolidation": 0.6666666666666666,
        "Pneumonia": 0.12244897959183675,
        "Atelectasis": 0.6735751295336788,
        "Pneumothorax": 0.2857142857142857,
        "Pleural Effusion": 0.7008547008547009,
        "Pleural Other": 0.012820512820512822,
        "Fracture": 0.0,
        "Support Devices": 0.8258706467661691
    },
    "F1_subset_mean": 0.6442393853456783,
    "Youden_per_class": {
        "No Finding": 0.5870910698496905,
        "Enlarged Cardiomediastinum": 0.0,
        "Cardiomegaly": 0.39733152419719575,
        "Lung Opacity": 0.0,
        "Lung Lesion": -0.42211055276381915,
        "Edema": 0.6091018685955394,
        "Consolidation": 0.7127976190476191,
        "Pneumonia": 0.3125,
        "Atelectasis": 0.44266666666666676,
        "Pneumothorax": 0.16666666666666674,
        "Pleural Effusion": 0.5523897058823528,
        "Pleural Other": 0.22613065326633164,
        "Fracture": 0.0,
        "Support Devices": 0.6502650265026504
    },
    "Youden-index_subset_mean": 0.5428574768778748,
    "Accuracy_per_class": {
        "No Finding": 0.84,
        "Enlarged Cardiomediastinum": 0.525,
        "Cardiomegaly": 0.725,
        "Lung Opacity": 0.58,
        "Lung Lesion": 0.575,
        "Edema": 0.705,
        "Consolidation": 0.865,
        "Pneumonia": 0.57,
        "Atelectasis": 0.685,
        "Pneumothorax": 0.975,
        "Pleural Effusion": 0.825,
        "Pleural Other": 0.23,
        "Fracture": 1.0,
        "Support Devices": 0.825
    },
    "Accuracy_subset_mean": 0.7610000000000001
}