{
    "Atelectasis": 0.2167486846446991,
    "Cardiomegaly": 0.09210247546434402,
    "Consolidation": 0.11062999814748764,
    "Edema": 0.0922967717051506,
    "Pleural Effusion": 0.12452824413776398
}