{
    "Atelectasis": 0.47893232107162476,
    "Cardiomegaly": 0.2283848524093628,
    "Consolidation": 0.36702004075050354,
    "Edema": 0.29417046904563904,
    "Pleural Effusion": 0.30641618371009827
}