{
    "Atelectasis": 0.6478817462921143,
    "Cardiomegaly": 0.3790397346019745,
    "Consolidation": 0.4593910276889801,
    "Edema": 0.34424880146980286,
    "Pleural Effusion": 0.3008471727371216
}