{
    "Atelectasis": 0.5137798190116882,
    "Cardiomegaly": 0.24502429366111755,
    "Consolidation": 0.33558163046836853,
    "Edema": 0.2938588559627533,
    "Pleural Effusion": 0.3066830039024353
}