{
    "AUROC": {
        "No Finding": 0.8989832007073386,
        "Enlarged Cardiomediastinum": 0.5369423558897242,
        "Cardiomegaly": 0.7452510176390773,
        "Lung Opacity": 0.39408866995073893,
        "Lung Lesion": 0.33668341708542715,
        "Edema": 0.8850210970464134,
        "Consolidation": 0.8932291666666667,
        "Pneumonia": 0.6842447916666667,
        "Atelectasis": 0.8109866666666666,
        "Pneumothorax": 0.8608247422680413,
        "Pleural Effusion": 0.8683363970588235,
        "Pleural Other": 0.7839195979899498,
        "Fracture": NaN,
        "Support Devices": 0.8701870187018702
    },
    "AUROC_subset_mean": 0.8405648690155296,
    "F1_per_class": {
        "No Finding": 0.5454545454545455,
        "Enlarged Cardiomediastinum": 0.6885245901639345,
        "Cardiomegaly": 0.55,
        "Lung Opacity": 0.7341772151898733,
        "Lung Lesion": 0.0,
        "Edema": 0.5394736842105263,
        "Consolidation": 0.6666666666666666,
        "Pneumonia": 0.09302325581395349,
        "Atelectasis": 0.6740331491712707,
        "Pneumothorax": 0.0,
        "Pleural Effusion": 0.5656565656565656,
        "Pleural Other": 0.011235955056179775,
        "Fracture": 0.0,
        "Support Devices": 0.8059701492537314
    },
    "F1_subset_mean": 0.5991660131410059,
    "Youden_per_class": {
        "No Finding": 0.5658709106984969,
        "Enlarged Cardiomediastinum": 0.0,
        "Cardiomegaly": 0.3432835820895521,
        "Lung Opacity": 0.0,
        "Lung Lesion": -0.371859296482412,
        "Edema": 0.5394816154309825,
        "Consolidation": 0.6741071428571428,
        "Pneumonia": 0.15104166666666674,
        "Atelectasis": 0.45333333333333337,
        "Pneumothorax": 0.0,
        "Pleural Effusion": 0.38602941176470584,
        "Pleural Other": 0.11557788944723613,
        "Fracture": 0.0,
        "Support Devices": 0.6102610261026102
    },
    "Youden-index_subset_mean": 0.4792470170951432,
    "Accuracy_per_class": {
        "No Finding": 0.85,
        "Enlarged Cardiomediastinum": 0.525,
        "Cardiomegaly": 0.73,
        "Lung Opacity": 0.58,
        "Lung Lesion": 0.625,
        "Edema": 0.65,
        "Consolidation": 0.875,
        "Pneumonia": 0.415,
        "Atelectasis": 0.705,
        "Pneumothorax": 0.97,
        "Pleural Effusion": 0.785,
        "Pleural Other": 0.12,
        "Fracture": 1.0,
        "Support Devices": 0.805
    },
    "Accuracy_subset_mean": 0.749
}