{
    "Atelectasis": 0.46766725182533264,
    "Cardiomegaly": 0.26948586106300354,
    "Consolidation": 0.34142524003982544,
    "Edema": 0.3140939772129059,
    "Pleural Effusion": 0.22479471564292908
}