{
    "Atelectasis": 0.21909178793430328,
    "Cardiomegaly": 0.1961108297109604,
    "Consolidation": 0.21697279810905457,
    "Edema": 0.21849185228347778,
    "Pleural Effusion": 0.16608695685863495
}