{
    "Atelectasis": 0.529074490070343,
    "Cardiomegaly": 0.5617080926895142,
    "Consolidation": 0.4677296578884125,
    "Edema": 0.5185603499412537,
    "Pleural Effusion": 0.44716063141822815
}