{
    "Atelectasis": 0.3618629276752472,
    "Cardiomegaly": 0.1732659935951233,
    "Consolidation": 0.21900051832199097,
    "Edema": 0.1892181932926178,
    "Pleural Effusion": 0.20587651431560516
}