{
    "Atelectasis": 0.5752593874931335,
    "Cardiomegaly": 0.6282960176467896,
    "Consolidation": 0.5472993850708008,
    "Edema": 0.6043612957000732,
    "Pleaural Effusion": 0.5342943072319031
}