{
    "Atelectasis": 0.6992886662483215,
    "Cardiomegaly": 0.6591938734054565,
    "Consolidation": 0.6383867263793945,
    "Edema": 0.665807843208313,
    "Pleural Effusion": 0.6484218239784241
}