{
    "Atelectasis": 0.21980546414852142,
    "Cardiomegaly": 0.19685867428779602,
    "Consolidation": 0.217758446931839,
    "Edema": 0.21917296946048737,
    "Pleural Effusion": 0.16658920049667358
}