{
    "Atelectasis": 0.21543720364570618,
    "Cardiomegaly": 0.21448451280593872,
    "Consolidation": 0.22367331385612488,
    "Edema": 0.1972760707139969,
    "Pleural Effusion": 0.1568460613489151
}