{
    "AUROC": {
        "No Finding": 0.9079393135955223,
        "Enlarged Cardiomediastinum": 0.649741562785041,
        "Cardiomegaly": 0.8761456574128541,
        "Lung Opacity": 0.3372977657935285,
        "Lung Lesion": 0.5746951219512195,
        "Edema": 0.8757746992344149,
        "Consolidation": 0.8437660150816312,
        "Pneumonia": 0.6291132180702732,
        "Atelectasis": 0.7990996590759262,
        "Pneumothorax": 0.8676171079429734,
        "Pleural Effusion": 0.9363102175602175,
        "Pleural Other": 0.9924395161290323,
        "Fracture": 0.7866666666666666,
        "Support Devices": 0.9313070103720804
    },
    "AUROC_subset_mean": 0.8662192496730088,
    "F1_per_class": {
        "No Finding": 0.22586520947176686,
        "Enlarged Cardiomediastinum": 0.6648648648648648,
        "Cardiomegaly": 0.5291005291005291,
        "Lung Opacity": 0.6910994764397906,
        "Lung Lesion": 0.031496062992125984,
        "Edema": 0.2746478873239437,
        "Consolidation": 0.16470588235294117,
        "Pneumonia": 0.06486486486486487,
        "Atelectasis": 0.46860643185298617,
        "Pneumothorax": 0.03896103896103896,
        "Pleural Effusion": 0.3636363636363636,
        "Pleural Other": 0.18604651162790695,
        "Fracture": 0.019801980198019802,
        "Support Devices": 0.6859395532194481
    },
    "F1_subset_mean": 0.36013941885335277,
    "Youden_per_class": {
        "No Finding": 0.029680365296803624,
        "Enlarged Cardiomediastinum": -0.0033764862140147622,
        "Cardiomegaly": 0.23119983301390912,
        "Lung Opacity": 0.0,
        "Lung Lesion": 0.0,
        "Edema": 0.023696682464454888,
        "Consolidation": 0.3646679844790981,
        "Pneumonia": 0.20189626324595644,
        "Atelectasis": 0.0,
        "Pneumothorax": 0.09572301425661922,
        "Pleural Effusion": 0.08080808080808088,
        "Pleural Other": 0.9294354838709677,
        "Fracture": 0.0,
        "Support Devices": 0.0
    },
    "Youden-index_subset_mean": 0.1400745161531086,
    "Accuracy_per_class": {
        "No Finding": 0.15,
        "Enlarged Cardiomediastinum": 0.504,
        "Cardiomegaly": 0.466,
        "Lung Opacity": 0.528,
        "Lung Lesion": 0.016,
        "Edema": 0.176,
        "Consolidation": 0.432,
        "Pneumonia": 0.654,
        "Atelectasis": 0.306,
        "Pneumothorax": 0.112,
        "Pleural Effusion": 0.272,
        "Pleural Other": 0.93,
        "Fracture": 0.01,
        "Support Devices": 0.522
    },
    "Accuracy_subset_mean": 0.33039999999999997
}