{
    "AUROC": {
        "No Finding": 0.842179559570864,
        "Enlarged Cardiomediastinum": 0.7155935306682942,
        "Cardiomegaly": 0.8626959247648902,
        "Lung Opacity": 0.4022273173927285,
        "Lung Lesion": 0.7194010416666666,
        "Edema": 0.9028787438208781,
        "Consolidation": 0.9133216986620128,
        "Pneumonia": 0.6616161616161615,
        "Atelectasis": 0.850440379403794,
        "Pneumothorax": 0.6944444444444444,
        "Pleural Effusion": 0.9422981263472061,
        "Pleural Other": 0.9885204081632653,
        "Fracture": 0.8934010152284264,
        "Support Devices": 0.956260634571114
    },
    "AUROC_subset_mean": 0.8943269745997562,
    "F1_per_class": {
        "No Finding": 0.6212121212121212,
        "Enlarged Cardiomediastinum": 0.6062717770034843,
        "Cardiomegaly": 0.6580645161290323,
        "Lung Opacity": 0.5239852398523985,
        "Lung Lesion": 0.14457831325301204,
        "Edema": 0.35416666666666663,
        "Consolidation": 0.2978723404255319,
        "Pneumonia": 0.021978021978021976,
        "Atelectasis": 0.49206349206349204,
        "Pneumothorax": 0.0,
        "Pleural Effusion": 0.6666666666666666,
        "Pleural Other": 0.07999999999999999,
        "Fracture": 0.0,
        "Support Devices": 0.8852459016393444
    },
    "F1_subset_mean": 0.49376673639027785,
    "Youden_per_class": {
        "No Finding": 0.5990965556182948,
        "Enlarged Cardiomediastinum": 0.0,
        "Cardiomegaly": 0.5893416927899686,
        "Lung Opacity": 0.0,
        "Lung Lesion": 0.390625,
        "Edema": 0.5632451293980809,
        "Consolidation": 0.6154741128563117,
        "Pneumonia": 0.05555555555555558,
        "Atelectasis": 0.5013550135501355,
        "Pneumothorax": 0.0,
        "Pleural Effusion": 0.6401923395788427,
        "Pleural Other": 0.5306122448979593,
        "Fracture": 0.0,
        "Support Devices": 0.7865078570713644
    },
    "Youden-index_subset_mean": 0.5819216576346679,
    "Accuracy_per_class": {
        "No Finding": 0.75,
        "Enlarged Cardiomediastinum": 0.435,
        "Cardiomegaly": 0.735,
        "Lung Opacity": 0.355,
        "Lung Lesion": 0.645,
        "Edema": 0.69,
        "Consolidation": 0.835,
        "Pneumonia": 0.555,
        "Atelectasis": 0.68,
        "Pneumothorax": 0.99,
        "Pleural Effusion": 0.86,
        "Pleural Other": 0.54,
        "Fracture": 0.985,
        "Support Devices": 0.895
    },
    "Accuracy_subset_mean": 0.76
}