{
    "Atelectasis": 0.36254361271858215,
    "Cardiomegaly": 0.17090918123722076,
    "Consolidation": 0.21511971950531006,
    "Edema": 0.1814439594745636,
    "Pleural Effusion": 0.20280195772647858
}