{
    "Atelectasis": 0.39541131258010864,
    "Cardiomegaly": 0.28958266973495483,
    "Consolidation": 0.2931377589702606,
    "Edema": 0.34675318002700806,
    "Pleural Effusion": 0.22649361193180084
}