{
    "Atelectasis": 0.3765392303466797,
    "Cardiomegaly": 0.32362380623817444,
    "Consolidation": 0.29337120056152344,
    "Edema": 0.3589937090873718,
    "Pleural Effusion": 0.24806949496269226
}