{
    "Atelectasis": 0.5395681262016296,
    "Cardiomegaly": 0.19461315870285034,
    "Consolidation": 0.2505945563316345,
    "Edema": 0.23373518884181976,
    "Pleural Effusion": 0.19238096475601196
}