{
    "AUROC": {
        "No Finding": 0.9079393135955223,
        "Enlarged Cardiomediastinum": 0.649741562785041,
        "Cardiomegaly": 0.8742101368147402,
        "Lung Opacity": 0.3372977657935285,
        "Lung Lesion": 0.5746951219512195,
        "Edema": 0.8765038279256289,
        "Consolidation": 0.8530639139029211,
        "Pneumonia": 0.6291132180702732,
        "Atelectasis": 0.8003616432163644,
        "Pneumothorax": 0.8676171079429734,
        "Pleural Effusion": 0.9353632478632479,
        "Pleural Other": 0.9924395161290323,
        "Fracture": 0.7866666666666666,
        "Support Devices": 0.9313070103720804
    },
    "AUROC_subset_mean": 0.8679005539445805,
    "F1_per_class": {
        "No Finding": 0.48559670781893005,
        "Enlarged Cardiomediastinum": 0.652439024390244,
        "Cardiomegaly": 0.7100271002710028,
        "Lung Opacity": 0.6910994764397906,
        "Lung Lesion": 0.04166666666666666,
        "Edema": 0.5690376569037657,
        "Consolidation": 0.3387096774193548,
        "Pneumonia": 0.08247422680412372,
        "Atelectasis": 0.628992628992629,
        "Pneumothorax": 0.2105263157894737,
        "Pleural Effusion": 0.6863468634686347,
        "Pleural Other": 0.04166666666666667,
        "Fracture": 0.019801980198019802,
        "Support Devices": 0.8677042801556422
    },
    "F1_subset_mean": 0.5866227854110774,
    "Youden_per_class": {
        "No Finding": 0.6730740904404184,
        "Enlarged Cardiomediastinum": 0.08066761613672369,
        "Cardiomegaly": 0.6182660012523957,
        "Lung Opacity": 0.0,
        "Lung Lesion": 0.19308943089430897,
        "Edema": 0.6514157248754406,
        "Consolidation": 0.5670254044952046,
        "Pneumonia": 0.1959472020821713,
        "Atelectasis": 0.47348891525870673,
        "Pneumothorax": 0.2059289431998188,
        "Pleural Effusion": 0.7073620823620823,
        "Pleural Other": 0.629032258064516,
        "Fracture": 0.0,
        "Support Devices": 0.7288831177158981
    },
    "Youden-index_subset_mean": 0.603511625648766,
    "Accuracy_per_class": {
        "No Finding": 0.75,
        "Enlarged Cardiomediastinum": 0.544,
        "Cardiomegaly": 0.786,
        "Lung Opacity": 0.528,
        "Lung Lesion": 0.448,
        "Edema": 0.794,
        "Consolidation": 0.836,
        "Pneumonia": 0.822,
        "Atelectasis": 0.698,
        "Pneumothorax": 0.97,
        "Pleural Effusion": 0.83,
        "Pleural Other": 0.632,
        "Fracture": 0.01,
        "Support Devices": 0.864
    },
    "Accuracy_subset_mean": 0.7888
}