{
    "Atelectasis": 0.4095763564109802,
    "Cardiomegaly": 0.1862793266773224,
    "Consolidation": 0.22496093809604645,
    "Edema": 0.213481143116951,
    "Pleural Effusion": 0.19299384951591492
}