{
    "AUROC": {
        "No Finding": 0.9091511936339522,
        "Enlarged Cardiomediastinum": 0.6093233082706766,
        "Cardiomegaly": 0.7789461781999095,
        "Lung Opacity": 0.3442118226600985,
        "Lung Lesion": 0.4773869346733668,
        "Edema": 0.9032549728752262,
        "Consolidation": 0.9177827380952381,
        "Pneumonia": 0.7109375,
        "Atelectasis": 0.8320000000000001,
        "Pneumothorax": 0.8737113402061856,
        "Pleural Effusion": 0.9152113970588235,
        "Pleural Other": 0.9296482412060302,
        "Fracture": NaN,
        "Support Devices": 0.8947894789478948
    },
    "AUROC_subset_mean": 0.8694390572458396,
    "F1_per_class": {
        "No Finding": 0.576271186440678,
        "Enlarged Cardiomediastinum": 0.6936026936026936,
        "Cardiomegaly": 0.6249999999999999,
        "Lung Opacity": 0.7341772151898733,
        "Lung Lesion": 0.018691588785046728,
        "Edema": 0.7238095238095238,
        "Consolidation": 0.7042253521126761,
        "Pneumonia": 0.16216216216216214,
        "Atelectasis": 0.7011494252873564,
        "Pneumothorax": 0.6666666666666666,
        "Pleural Effusion": 0.7863247863247864,
        "Pleural Other": 0.03389830508474576,
        "Fracture": 0.0,
        "Support Devices": 0.8333333333333333
    },
    "F1_subset_mean": 0.7081018175068685,
    "Youden_per_class": {
        "No Finding": 0.5618921308576481,
        "Enlarged Cardiomediastinum": 0.0441102756892231,
        "Cardiomegaly": 0.4355495251017638,
        "Lung Opacity": 0.0,
        "Lung Lesion": 0.4723618090452262,
        "Edema": 0.7465340566606389,
        "Consolidation": 0.6979166666666665,
        "Pneumonia": 0.4375,
        "Atelectasis": 0.5093333333333332,
        "Pneumothorax": 0.5,
        "Pleural Effusion": 0.6672794117647058,
        "Pleural Other": 0.7135678391959799,
        "Fracture": -1.0,
        "Support Devices": 0.6605660566056606
    },
    "Youden-index_subset_mean": 0.6113225987054216,
    "Accuracy_per_class": {
        "No Finding": 0.875,
        "Enlarged Cardiomediastinum": 0.545,
        "Cardiomegaly": 0.73,
        "Lung Opacity": 0.58,
        "Lung Lesion": 0.475,
        "Edema": 0.855,
        "Consolidation": 0.895,
        "Pneumonia": 0.69,
        "Atelectasis": 0.74,
        "Pneumothorax": 0.985,
        "Pleural Effusion": 0.875,
        "Pleural Other": 0.715,
        "Fracture": 0.0,
        "Support Devices": 0.83
    },
    "Accuracy_subset_mean": 0.8190000000000002
}