{
    "AUROC": {
        "No Finding": 0.9079393135955223,
        "Enlarged Cardiomediastinum": 0.649741562785041,
        "Cardiomegaly": 0.8743239909675705,
        "Lung Opacity": 0.3372977657935285,
        "Lung Lesion": 0.5746951219512195,
        "Edema": 0.8766861100984323,
        "Consolidation": 0.853356761109891,
        "Pneumonia": 0.6291132180702732,
        "Atelectasis": 0.800644176979149,
        "Pneumothorax": 0.8676171079429734,
        "Pleural Effusion": 0.9354360916860918,
        "Pleural Other": 0.9924395161290323,
        "Fracture": 0.7866666666666666,
        "Support Devices": 0.9313070103720804
    },
    "AUROC_subset_mean": 0.8680894261682269,
    "F1_per_class": {
        "No Finding": 0.5957446808510638,
        "Enlarged Cardiomediastinum": 0.6648648648648648,
        "Cardiomegaly": 0.6525821596244132,
        "Lung Opacity": 0.6910994764397906,
        "Lung Lesion": 0.04166666666666666,
        "Edema": 0.5690376569037657,
        "Consolidation": 0.3387096774193548,
        "Pneumonia": 0.05240174672489083,
        "Atelectasis": 0.628992628992629,
        "Pneumothorax": 0.2105263157894737,
        "Pleural Effusion": 0.6863468634686347,
        "Pleural Other": 0.04166666666666667,
        "Fracture": 0.019801980198019802,
        "Support Devices": 0.8560157790927021
    },
    "F1_subset_mean": 0.5751337972817595,
    "Youden_per_class": {
        "No Finding": 0.5929444689939607,
        "Enlarged Cardiomediastinum": -0.0033764862140147622,
        "Cardiomegaly": 0.5308449875709216,
        "Lung Opacity": 0.0,
        "Lung Lesion": 0.19308943089430897,
        "Edema": 0.6514157248754406,
        "Consolidation": 0.5670254044952046,
        "Pneumonia": 0.1119167131437071,
        "Atelectasis": 0.47348891525870673,
        "Pneumothorax": 0.2059289431998188,
        "Pleural Effusion": 0.7073620823620823,
        "Pleural Other": 0.629032258064516,
        "Fracture": 0.0,
        "Support Devices": 0.7100787123871815
    },
    "Youden-index_subset_mean": 0.5860274229124711,
    "Accuracy_per_class": {
        "No Finding": 0.886,
        "Enlarged Cardiomediastinum": 0.504,
        "Cardiomegaly": 0.704,
        "Lung Opacity": 0.528,
        "Lung Lesion": 0.448,
        "Edema": 0.794,
        "Consolidation": 0.836,
        "Pneumonia": 0.566,
        "Atelectasis": 0.698,
        "Pneumothorax": 0.97,
        "Pleural Effusion": 0.83,
        "Pleural Other": 0.632,
        "Fracture": 0.01,
        "Support Devices": 0.854
    },
    "Accuracy_subset_mean": 0.7724
}