{
    "Atelectasis": 0.518783450126648,
    "Cardiomegaly": 0.5035003423690796,
    "Consolidation": 0.4432554244995117,
    "Edema": 0.49689969420433044,
    "Pleural Effusion": 0.41249358654022217
}