{
    "Atelectasis": 0.528756856918335,
    "Cardiomegaly": 0.561399519443512,
    "Consolidation": 0.467512845993042,
    "Edema": 0.5182566046714783,
    "Pleural Effusion": 0.4468648433685303
}