{
    "Atelectasis": 0.5119585394859314,
    "Cardiomegaly": 0.5482393503189087,
    "Consolidation": 0.45043620467185974,
    "Edema": 0.5018662214279175,
    "Pleural Effusion": 0.4238557517528534
}