{
    "Atelectasis": 0.4760996103286743,
    "Cardiomegaly": 0.4625712037086487,
    "Consolidation": 0.40303391218185425,
    "Edema": 0.4530186355113983,
    "Pleural Effusion": 0.3689136207103729
}