{
    "Atelectasis": 0.15557102859020233,
    "Cardiomegaly": 0.18598562479019165,
    "Consolidation": 0.15916003286838531,
    "Edema": 0.14768509566783905,
    "Pleural Effusion": 0.2947431802749634
}