{
    "Atelectasis": 0.18235628306865692,
    "Cardiomegaly": 0.1665419340133667,
    "Consolidation": 0.1839206963777542,
    "Edema": 0.18721410632133484,
    "Pleural Effusion": 0.14029964804649353
}