{
    "Atelectasis": 0.47281503677368164,
    "Cardiomegaly": 0.46635672450065613,
    "Consolidation": 0.4591682553291321,
    "Edema": 0.4687161445617676,
    "Pleural Effusion": 0.4726316034793854
}