{
    "Atelectasis": 0.47569751739501953,
    "Cardiomegaly": 0.4884318709373474,
    "Consolidation": 0.4686996042728424,
    "Edema": 0.48655208945274353,
    "Pleural Effusion": 0.4917584955692291
}