{
    "Atelectasis": 0.6962718367576599,
    "Cardiomegaly": 0.6398573517799377,
    "Consolidation": 0.6455249190330505,
    "Edema": 0.6894863843917847,
    "Pleaural Effusion": 0.6493839621543884
}