{
    "Atelectasis": 0.38869938254356384,
    "Cardiomegaly": 0.29364460706710815,
    "Consolidation": 0.40757501125335693,
    "Edema": 0.38467732071876526,
    "Pleural Effusion": 0.33168041706085205
}