{
    "Atelectasis": 0.3435337543487549,
    "Cardiomegaly": 0.3080313503742218,
    "Consolidation": 0.38559144735336304,
    "Edema": 0.3357466459274292,
    "Pleural Effusion": 0.34575873613357544
}