{
    "Atelectasis": 0.5668364763259888,
    "Cardiomegaly": 0.4829438030719757,
    "Consolidation": 0.5242536067962646,
    "Edema": 0.548290491104126,
    "Pleural Effusion": 0.5236738920211792
}