{
    "Atelectasis": 0.3884662389755249,
    "Cardiomegaly": 0.2742319107055664,
    "Consolidation": 0.26028186082839966,
    "Edema": 0.2789665162563324,
    "Pleural Effusion": 0.21445629000663757
}