{
    "Atelectasis": 0.2198110818862915,
    "Cardiomegaly": 0.19686466455459595,
    "Consolidation": 0.21776404976844788,
    "Edema": 0.21917861700057983,
    "Pleural Effusion": 0.16659539937973022
}