{
    "Atelectasis": 0.2578010559082031,
    "Cardiomegaly": 0.20825301110744476,
    "Consolidation": 0.2303318828344345,
    "Edema": 0.27648574113845825,
    "Pleural Effusion": 0.182962104678154
}