{
    "AUROC": {
        "No Finding": 0.8507142857142858,
        "Enlarged Cardiomediastinum": 0.6588034188034187,
        "Cardiomegaly": 0.8114697802197802,
        "Lung Opacity": 0.4151081774844151,
        "Lung Lesion": 0.4285714285714286,
        "Edema": 0.8806521739130434,
        "Consolidation": 0.9298666666666667,
        "Pneumonia": 0.6930272108843537,
        "Atelectasis": 0.8501006036217303,
        "Pneumothorax": 0.7304421768707483,
        "Pleural Effusion": 0.9184145040881622,
        "Pleural Other": 0.9025974025974026,
        "Fracture": NaN,
        "Support Devices": 0.9313922356091031
    },
    "AUROC_subset_mean": 0.8781007457018767,
    "F1_per_class": {
        "No Finding": 0.4912280701754386,
        "Enlarged Cardiomediastinum": 0.0,
        "Cardiomegaly": 0.0,
        "Lung Opacity": 0.7890625,
        "Lung Lesion": 0.0,
        "Edema": 0.0,
        "Consolidation": 0.0,
        "Pneumonia": 0.0,
        "Atelectasis": 0.0,
        "Pneumothorax": 0.0,
        "Pleural Effusion": 0.5365853658536586,
        "Pleural Other": 0.0,
        "Fracture": 0.0,
        "Support Devices": 0.8780487804878048
    },
    "F1_subset_mean": 0.10731707317073172,
    "Youden_per_class": {
        "No Finding": 0.3333333333333335,
        "Enlarged Cardiomediastinum": 0.0,
        "Cardiomegaly": 0.0,
        "Lung Opacity": 0.0,
        "Lung Lesion": 0.0,
        "Edema": 0.0,
        "Consolidation": 0.0,
        "Pneumonia": 0.0,
        "Atelectasis": 0.0,
        "Pneumothorax": 0.0,
        "Pleural Effusion": 0.3586917881265552,
        "Pleural Other": 0.0,
        "Fracture": -1.0,
        "Support Devices": 0.7424698795180724
    },
    "Youden-index_subset_mean": 0.07173835762531104,
    "Accuracy_per_class": {
        "No Finding": 0.8129032258064516,
        "Enlarged Cardiomediastinum": 0.41935483870967744,
        "Cardiomegaly": 0.5870967741935483,
        "Lung Opacity": 0.6516129032258065,
        "Lung Lesion": 0.9935483870967742,
        "Edema": 0.7419354838709677,
        "Consolidation": 0.8064516129032258,
        "Pneumonia": 0.9483870967741935,
        "Atelectasis": 0.5419354838709678,
        "Pneumothorax": 0.9483870967741935,
        "Pleural Effusion": 0.7548387096774194,
        "Pleural Other": 0.9935483870967742,
        "Fracture": 0.0,
        "Support Devices": 0.8709677419354839
    },
    "Accuracy_subset_mean": 0.6864516129032258
}