{
    "AUROC": {
        "No Finding": 0.9009725906277629,
        "Enlarged Cardiomediastinum": 0.5680200501253133,
        "Cardiomegaly": 0.7632293080054275,
        "Lung Opacity": 0.3645320197044335,
        "Lung Lesion": 0.3869346733668342,
        "Edema": 0.8993369499698614,
        "Consolidation": 0.902529761904762,
        "Pneumonia": 0.7037760416666666,
        "Atelectasis": 0.8302933333333332,
        "Pneumothorax": 0.8462199312714777,
        "Pleural Effusion": 0.917279411764706,
        "Pleural Other": 0.9346733668341709,
        "Fracture": NaN,
        "Support Devices": 0.8870887088708871
    },
    "AUROC_subset_mean": 0.8625337529956181,
    "F1_per_class": {
        "No Finding": 0.5882352941176471,
        "Enlarged Cardiomediastinum": 0.6885245901639345,
        "Cardiomegaly": 0.6037735849056604,
        "Lung Opacity": 0.7341772151898733,
        "Lung Lesion": 0.016,
        "Edema": 0.7047619047619047,
        "Consolidation": 0.6753246753246752,
        "Pneumonia": 0.13333333333333333,
        "Atelectasis": 0.7039106145251397,
        "Pneumothorax": 0.5,
        "Pleural Effusion": 0.7819548872180452,
        "Pleural Other": 0.11764705882352941,
        "Fracture": 0.0,
        "Support Devices": 0.8404255319148937
    },
    "F1_subset_mean": 0.693945133347085,
    "Youden_per_class": {
        "No Finding": 0.5194518125552607,
        "Enlarged Cardiomediastinum": 0.0,
        "Cardiomegaly": 0.39145183175033926,
        "Lung Opacity": 0.0,
        "Lung Lesion": 0.38190954773869334,
        "Edema": 0.7163954189270645,
        "Consolidation": 0.6994047619047619,
        "Pneumonia": 0.14583333333333348,
        "Atelectasis": 0.512,
        "Pneumothorax": 0.48453608247422686,
        "Pleural Effusion": 0.6875,
        "Pleural Other": 0.9246231155778895,
        "Fracture": -1.0,
        "Support Devices": 0.6989698969896989
    },
    "Youden-index_subset_mean": 0.6013504025164331,
    "Accuracy_per_class": {
        "No Finding": 0.895,
        "Enlarged Cardiomediastinum": 0.525,
        "Cardiomegaly": 0.685,
        "Lung Opacity": 0.58,
        "Lung Lesion": 0.385,
        "Edema": 0.845,
        "Consolidation": 0.875,
        "Pneumonia": 0.87,
        "Atelectasis": 0.735,
        "Pneumothorax": 0.97,
        "Pleural Effusion": 0.855,
        "Pleural Other": 0.925,
        "Fracture": 0.0,
        "Support Devices": 0.85
    },
    "Accuracy_subset_mean": 0.7989999999999999
}