{
    "Atelectasis": 0.501289427280426,
    "Cardiomegaly": 0.20470236241817474,
    "Consolidation": 0.27411961555480957,
    "Edema": 0.22743476927280426,
    "Pleural Effusion": 0.19333836436271667
}