{
    "Atelectasis": 0.5101760625839233,
    "Cardiomegaly": 0.5445222854614258,
    "Consolidation": 0.45419931411743164,
    "Edema": 0.5102559328079224,
    "Pleural Effusion": 0.43412452936172485
}