{
    "Atelectasis": 0.33129408955574036,
    "Cardiomegaly": 0.35281965136528015,
    "Consolidation": 0.3325345814228058,
    "Edema": 0.43641024827957153,
    "Pleural Effusion": 0.26890575885772705
}