{
    "Atelectasis": 0.3730439841747284,
    "Cardiomegaly": 0.3432745933532715,
    "Consolidation": 0.3023771047592163,
    "Edema": 0.3159973621368408,
    "Pleural Effusion": 0.24708019196987152
}