{
    "Atelectasis": 0.37304389476776123,
    "Cardiomegaly": 0.3432745337486267,
    "Consolidation": 0.30237704515457153,
    "Edema": 0.31599733233451843,
    "Pleural Effusion": 0.24708016216754913
}