{
    "Atelectasis": 0.4043021500110626,
    "Cardiomegaly": 0.33520814776420593,
    "Consolidation": 0.30867114663124084,
    "Edema": 0.381337970495224,
    "Pleural Effusion": 0.26402974128723145
}