{
    "Atelectasis": 0.4317302107810974,
    "Cardiomegaly": 0.31425341963768005,
    "Consolidation": 0.3111608922481537,
    "Edema": 0.3725112974643707,
    "Pleural Effusion": 0.24450398981571198
}