{
    "Atelectasis": 0.40430185198783875,
    "Cardiomegaly": 0.33520790934562683,
    "Consolidation": 0.30867087841033936,
    "Edema": 0.3813377022743225,
    "Pleural Effusion": 0.26402947306632996
}