{
    "Atelectasis": 0.2924148440361023,
    "Cardiomegaly": 0.24158546328544617,
    "Consolidation": 0.2190331518650055,
    "Edema": 0.31080305576324463,
    "Pleural Effusion": 0.21038050949573517
}