{
    "Atelectasis": 0.3884449899196625,
    "Cardiomegaly": 0.2741963863372803,
    "Consolidation": 0.26025915145874023,
    "Edema": 0.2789444625377655,
    "Pleural Effusion": 0.21443839371204376
}