{
    "Atelectasis": 0.47601035237312317,
    "Cardiomegaly": 0.5093942880630493,
    "Consolidation": 0.4263235330581665,
    "Edema": 0.4748496413230896,
    "Pleural Effusion": 0.40323811769485474
}