{
    "Atelectasis": 0.4715365469455719,
    "Cardiomegaly": 0.458903968334198,
    "Consolidation": 0.39962148666381836,
    "Edema": 0.455759197473526,
    "Pleural Effusion": 0.3739299178123474
}