{
    "Atelectasis": 0.5423921346664429,
    "Cardiomegaly": 0.19371572136878967,
    "Consolidation": 0.25182652473449707,
    "Edema": 0.23391343653202057,
    "Pleural Effusion": 0.19239924848079681
}