{
    "Atelectasis": 0.6164835691452026,
    "Cardiomegaly": 0.5199071764945984,
    "Consolidation": 0.51148521900177,
    "Edema": 0.5641617774963379,
    "Pleaural Effusion": 0.6374911069869995
}