{
    "Atelectasis": 0.5813955664634705,
    "Cardiomegaly": 0.5714895129203796,
    "Consolidation": 0.5876704454421997,
    "Edema": 0.6324198246002197,
    "Pleaural Effusion": 0.7092006206512451
}