{
    "AUROC": {
        "No Finding": 0.836038961038961,
        "Enlarged Cardiomediastinum": 0.5459261519682637,
        "Cardiomegaly": 0.83423197492163,
        "Lung Opacity": 0.5,
        "Lung Lesion": 0.724609375,
        "Edema": 0.8825239895318406,
        "Consolidation": 0.8635834787667248,
        "Pneumonia": 0.4532828282828283,
        "Atelectasis": 0.8008130081300814,
        "Pneumothorax": 0.8787878787878788,
        "Pleural Effusion": 0.9098822749129498,
        "Pleural Other": 0.9661989795918368,
        "Fracture": 0.5,
        "Support Devices": 0.9410469422480232
    },
    "AUROC_subset_mean": 0.8582069452526453,
    "F1_per_class": {
        "No Finding": 0.5901639344262294,
        "Enlarged Cardiomediastinum": 0.6250000000000001,
        "Cardiomegaly": 0.6715328467153284,
        "Lung Opacity": 0.5239852398523985,
        "Lung Lesion": 0.08888888888888889,
        "Edema": 0.5777777777777778,
        "Consolidation": 0.3529411764705882,
        "Pneumonia": 0.0,
        "Atelectasis": 0.47500000000000003,
        "Pneumothorax": 0.0,
        "Pleural Effusion": 0.6595744680851063,
        "Pleural Other": 0.39999999999999997,
        "Fracture": 0.02955665024630542,
        "Support Devices": 0.8494623655913978
    },
    "F1_subset_mean": 0.5473652538097602,
    "Youden_per_class": {
        "No Finding": 0.5228684359119142,
        "Enlarged Cardiomediastinum": 0.09205574204048417,
        "Cardiomegaly": 0.5880877742946709,
        "Lung Opacity": 0.0,
        "Lung Lesion": 0.06770833333333348,
        "Edema": 0.6123873218959,
        "Consolidation": 0.5671902268760907,
        "Pneumonia": -0.045454545454545414,
        "Atelectasis": 0.37533875338753386,
        "Pneumothorax": 0.0,
        "Pleural Effusion": 0.67832863538385,
        "Pleural Other": 0.7091836734693877,
        "Fracture": 0.0,
        "Support Devices": 0.717345611049945
    },
    "Youden-index_subset_mean": 0.5642665423676091,
    "Accuracy_per_class": {
        "No Finding": 0.75,
        "Enlarged Cardiomediastinum": 0.49,
        "Cardiomegaly": 0.775,
        "Lung Opacity": 0.355,
        "Lung Lesion": 0.795,
        "Edema": 0.905,
        "Consolidation": 0.89,
        "Pneumonia": 0.945,
        "Atelectasis": 0.79,
        "Pneumothorax": 0.99,
        "Pleural Effusion": 0.84,
        "Pleural Other": 0.955,
        "Fracture": 0.015,
        "Support Devices": 0.86
    },
    "Accuracy_subset_mean": 0.8400000000000001
}