{
    "Atelectasis": 0.4757002294063568,
    "Cardiomegaly": 0.48843351006507874,
    "Consolidation": 0.46870172023773193,
    "Edema": 0.4865538477897644,
    "Pleural Effusion": 0.491759330034256
}