{
    "Atelectasis": 0.4727920591831207,
    "Cardiomegaly": 0.4663345515727997,
    "Consolidation": 0.4591458737850189,
    "Edema": 0.46869489550590515,
    "Pleural Effusion": 0.47260746359825134
}