{
    "Atelectasis": 0.21467161178588867,
    "Cardiomegaly": 0.17692802846431732,
    "Consolidation": 0.20286734402179718,
    "Edema": 0.23699252307415009,
    "Pleural Effusion": 0.15838591754436493
}