{
    "AUROC": {
        "No Finding": 0.9091511936339522,
        "Enlarged Cardiomediastinum": 0.6093233082706766,
        "Cardiomegaly": 0.7800768882858435,
        "Lung Opacity": 0.3442118226600985,
        "Lung Lesion": 0.4773869346733668,
        "Edema": 0.904460518384569,
        "Consolidation": 0.9159226190476191,
        "Pneumonia": 0.7109375,
        "Atelectasis": 0.8305066666666666,
        "Pneumothorax": 0.8737113402061856,
        "Pleural Effusion": 0.9149816176470588,
        "Pleural Other": 0.9296482412060302,
        "Fracture": NaN,
        "Support Devices": 0.8947894789478948
    },
    "AUROC_subset_mean": 0.8691896620063513,
    "F1_per_class": {
        "No Finding": 0.576271186440678,
        "Enlarged Cardiomediastinum": 0.6936026936026936,
        "Cardiomegaly": 0.6301369863013698,
        "Lung Opacity": 0.7341772151898733,
        "Lung Lesion": 0.01886792452830189,
        "Edema": 0.7238095238095238,
        "Consolidation": 0.7042253521126761,
        "Pneumonia": 0.1694915254237288,
        "Atelectasis": 0.6979865771812082,
        "Pneumothorax": 0.6666666666666666,
        "Pleural Effusion": 0.7863247863247864,
        "Pleural Other": 0.0625,
        "Fracture": 0.0,
        "Support Devices": 0.84
    },
    "F1_subset_mean": 0.7084966451459129,
    "Youden_per_class": {
        "No Finding": 0.5618921308576481,
        "Enlarged Cardiomediastinum": 0.0441102756892231,
        "Cardiomegaly": 0.4432383536861151,
        "Lung Opacity": 0.0,
        "Lung Lesion": 0.4773869346733668,
        "Edema": 0.7465340566606389,
        "Consolidation": 0.6979166666666665,
        "Pneumonia": 0.3854166666666665,
        "Atelectasis": 0.5173333333333332,
        "Pneumothorax": 0.5,
        "Pleural Effusion": 0.6672794117647058,
        "Pleural Other": 0.8492462311557789,
        "Fracture": -1.0,
        "Support Devices": 0.6801680168016802
    },
    "Youden-index_subset_mean": 0.6144603644222919,
    "Accuracy_per_class": {
        "No Finding": 0.875,
        "Enlarged Cardiomediastinum": 0.545,
        "Cardiomegaly": 0.73,
        "Lung Opacity": 0.58,
        "Lung Lesion": 0.48,
        "Edema": 0.855,
        "Consolidation": 0.895,
        "Pneumonia": 0.755,
        "Atelectasis": 0.775,
        "Pneumothorax": 0.985,
        "Pleural Effusion": 0.875,
        "Pleural Other": 0.85,
        "Fracture": 0.0,
        "Support Devices": 0.84
    },
    "Accuracy_subset_mean": 0.826
}