{
    "Atelectasis": 0.47616320848464966,
    "Cardiomegaly": 0.5094955563545227,
    "Consolidation": 0.42641526460647583,
    "Edema": 0.4749942123889923,
    "Pleural Effusion": 0.4034385085105896
}