{
    "Atelectasis": 0.15357577800750732,
    "Cardiomegaly": 0.17425958812236786,
    "Consolidation": 0.18440593779087067,
    "Edema": 0.16813452541828156,
    "Pleural Effusion": 0.1278182566165924
}