{
    "AUROC": {
        "No Finding": 0.9091511936339522,
        "Enlarged Cardiomediastinum": 0.6093233082706766,
        "Cardiomegaly": 0.7793984622342832,
        "Lung Opacity": 0.3442118226600985,
        "Lung Lesion": 0.4773869346733668,
        "Edema": 0.9037070524412296,
        "Consolidation": 0.9164806547619048,
        "Pneumonia": 0.7109375,
        "Atelectasis": 0.83072,
        "Pneumothorax": 0.8737113402061856,
        "Pleural Effusion": 0.9147518382352942,
        "Pleural Other": 0.9296482412060302,
        "Fracture": NaN,
        "Support Devices": 0.8947894789478948
    },
    "AUROC_subset_mean": 0.8690116015345424,
    "F1_per_class": {
        "No Finding": 0.5714285714285714,
        "Enlarged Cardiomediastinum": 0.6936026936026936,
        "Cardiomegaly": 0.6301369863013698,
        "Lung Opacity": 0.7341772151898733,
        "Lung Lesion": 0.013513513513513513,
        "Edema": 0.7238095238095238,
        "Consolidation": 0.7105263157894737,
        "Pneumonia": 0.16438356164383564,
        "Atelectasis": 0.711864406779661,
        "Pneumothorax": 0.6666666666666666,
        "Pleural Effusion": 0.7863247863247864,
        "Pleural Other": 0.11764705882352941,
        "Fracture": 0.0,
        "Support Devices": 0.8018433179723503
    },
    "F1_subset_mean": 0.712532403800963,
    "Youden_per_class": {
        "No Finding": 0.6312997347480107,
        "Enlarged Cardiomediastinum": 0.0441102756892231,
        "Cardiomegaly": 0.4432383536861151,
        "Lung Opacity": 0.0,
        "Lung Lesion": 0.2663316582914572,
        "Edema": 0.7465340566606389,
        "Consolidation": 0.7425595238095237,
        "Pneumonia": 0.4427083333333335,
        "Atelectasis": 0.528,
        "Pneumothorax": 0.5,
        "Pleural Effusion": 0.6672794117647058,
        "Pleural Other": 0.9246231155778895,
        "Fracture": -1.0,
        "Support Devices": 0.5718571857185717
    },
    "Youden-index_subset_mean": 0.6255222691841966,
    "Accuracy_per_class": {
        "No Finding": 0.85,
        "Enlarged Cardiomediastinum": 0.545,
        "Cardiomegaly": 0.73,
        "Lung Opacity": 0.58,
        "Lung Lesion": 0.27,
        "Edema": 0.855,
        "Consolidation": 0.89,
        "Pneumonia": 0.695,
        "Atelectasis": 0.745,
        "Pneumothorax": 0.985,
        "Pleural Effusion": 0.875,
        "Pleural Other": 0.925,
        "Fracture": 0.0,
        "Support Devices": 0.785
    },
    "Accuracy_subset_mean": 0.8190000000000002
}