{
    "AUROC": {
        "No Finding": 0.9091511936339522,
        "Enlarged Cardiomediastinum": 0.6093233082706766,
        "Cardiomegaly": 0.7810945273631841,
        "Lung Opacity": 0.3442118226600985,
        "Lung Lesion": 0.4773869346733668,
        "Edema": 0.9059674502712477,
        "Consolidation": 0.9153645833333333,
        "Pneumonia": 0.7109375,
        "Atelectasis": 0.8318933333333333,
        "Pneumothorax": 0.8737113402061856,
        "Pleural Effusion": 0.9152113970588235,
        "Pleural Other": 0.9296482412060302,
        "Fracture": NaN,
        "Support Devices": 0.8947894789478948
    },
    "AUROC_subset_mean": 0.8699062582719843,
    "F1_per_class": {
        "No Finding": 0.5208333333333334,
        "Enlarged Cardiomediastinum": 0.6339285714285715,
        "Cardiomegaly": 0.6344827586206897,
        "Lung Opacity": 0.05,
        "Lung Lesion": 0.018691588785046728,
        "Edema": 0.7169811320754718,
        "Consolidation": 0.6363636363636364,
        "Pneumonia": 0.16216216216216214,
        "Atelectasis": 0.7019867549668874,
        "Pneumothorax": 0.16,
        "Pleural Effusion": 0.7768595041322315,
        "Pleural Other": 0.03389830508474576,
        "Fracture": 0.0,
        "Support Devices": 0.8176795580110497
    },
    "F1_subset_mean": 0.6933347572317833,
    "Youden_per_class": {
        "No Finding": 0.7029177718832891,
        "Enlarged Cardiomediastinum": 0.17092731829573937,
        "Cardiomegaly": 0.45070104025327895,
        "Lung Opacity": 0.013957307060755486,
        "Lung Lesion": 0.4723618090452262,
        "Edema": 0.7402049427365882,
        "Consolidation": 0.7083333333333335,
        "Pneumonia": 0.4375,
        "Atelectasis": 0.5226666666666666,
        "Pneumothorax": 0.6752577319587629,
        "Pleural Effusion": 0.6608455882352942,
        "Pleural Other": 0.7135678391959799,
        "Fracture": 0.0,
        "Support Devices": 0.6682668266826683
    },
    "Youden-index_subset_mean": 0.6165503142450323,
    "Accuracy_per_class": {
        "No Finding": 0.77,
        "Enlarged Cardiomediastinum": 0.59,
        "Cardiomegaly": 0.735,
        "Lung Opacity": 0.43,
        "Lung Lesion": 0.475,
        "Edema": 0.85,
        "Consolidation": 0.84,
        "Pneumonia": 0.69,
        "Atelectasis": 0.775,
        "Pneumothorax": 0.685,
        "Pleural Effusion": 0.865,
        "Pleural Other": 0.715,
        "Fracture": 1.0,
        "Support Devices": 0.835
    },
    "Accuracy_subset_mean": 0.8130000000000001
}