{
    "AUROC": {
        "No Finding": 0.9079393135955223,
        "Enlarged Cardiomediastinum": 0.649741562785041,
        "Cardiomegaly": 0.8755763866487031,
        "Lung Opacity": 0.3372977657935285,
        "Lung Lesion": 0.5746951219512195,
        "Edema": 0.8773544780653786,
        "Consolidation": 0.8489640530053445,
        "Pneumonia": 0.6291132180702732,
        "Atelectasis": 0.802546570981899,
        "Pneumothorax": 0.8676171079429734,
        "Pleural Effusion": 0.9363344988344988,
        "Pleural Other": 0.9924395161290323,
        "Fracture": 0.7866666666666666,
        "Support Devices": 0.9313070103720804
    },
    "AUROC_subset_mean": 0.8681551975071647,
    "F1_per_class": {
        "No Finding": 0.48559670781893005,
        "Enlarged Cardiomediastinum": 0.652439024390244,
        "Cardiomegaly": 0.7021276595744681,
        "Lung Opacity": 0.6910994764397906,
        "Lung Lesion": 0.04166666666666666,
        "Edema": 0.53125,
        "Consolidation": 0.328125,
        "Pneumonia": 0.08247422680412372,
        "Atelectasis": 0.6226415094339622,
        "Pneumothorax": 0.2105263157894737,
        "Pleural Effusion": 0.6813186813186813,
        "Pleural Other": 0.04166666666666667,
        "Fracture": 0.0,
        "Support Devices": 0.8677042801556422
    },
    "F1_subset_mean": 0.5730925700654224,
    "Youden_per_class": {
        "No Finding": 0.6730740904404184,
        "Enlarged Cardiomediastinum": 0.08066761613672369,
        "Cardiomegaly": 0.6076965407313231,
        "Lung Opacity": 0.0,
        "Lung Lesion": 0.19308943089430897,
        "Edema": 0.6111313646858672,
        "Consolidation": 0.5585328354930814,
        "Pneumonia": 0.1959472020821713,
        "Atelectasis": 0.4621687291631349,
        "Pneumothorax": 0.2059289431998188,
        "Pleural Effusion": 0.7023115773115773,
        "Pleural Other": 0.629032258064516,
        "Fracture": 0.0,
        "Support Devices": 0.7288831177158981
    },
    "Youden-index_subset_mean": 0.5883682094769969,
    "Accuracy_per_class": {
        "No Finding": 0.75,
        "Enlarged Cardiomediastinum": 0.544,
        "Cardiomegaly": 0.776,
        "Lung Opacity": 0.528,
        "Lung Lesion": 0.448,
        "Edema": 0.76,
        "Consolidation": 0.828,
        "Pneumonia": 0.822,
        "Atelectasis": 0.68,
        "Pneumothorax": 0.97,
        "Pleural Effusion": 0.826,
        "Pleural Other": 0.632,
        "Fracture": 0.99,
        "Support Devices": 0.864
    },
    "Accuracy_subset_mean": 0.7739999999999999
}