{
    "Atelectasis": 0.36268728971481323,
    "Cardiomegaly": 0.17365631461143494,
    "Consolidation": 0.21957169473171234,
    "Edema": 0.18967881798744202,
    "Pleural Effusion": 0.2062867432832718
}