{
    "Atelectasis": 0.394677996635437,
    "Cardiomegaly": 0.17379522323608398,
    "Consolidation": 0.21117866039276123,
    "Edema": 0.1966712772846222,
    "Pleural Effusion": 0.18206383287906647
}