{
    "Atelectasis": 0.39336806535720825,
    "Cardiomegaly": 0.17322811484336853,
    "Consolidation": 0.2103373259305954,
    "Edema": 0.1959255486726761,
    "Pleural Effusion": 0.1814424842596054
}