{
    "Atelectasis": 0.4724462926387787,
    "Cardiomegaly": 0.46360599994659424,
    "Consolidation": 0.47818925976753235,
    "Edema": 0.4573030173778534,
    "Pleural Effusion": 0.47296106815338135
}