{
    "Atelectasis": 0.4823727607727051,
    "Cardiomegaly": 0.47249835729599,
    "Consolidation": 0.47448715567588806,
    "Edema": 0.47161486744880676,
    "Pleural Effusion": 0.47343918681144714
}