{
    "Atelectasis": 0.47245678305625916,
    "Cardiomegaly": 0.4636152386665344,
    "Consolidation": 0.47819656133651733,
    "Edema": 0.4573182761669159,
    "Pleural Effusion": 0.4729689657688141
}