{
    "Atelectasis": 0.48236605525016785,
    "Cardiomegaly": 0.47249510884284973,
    "Consolidation": 0.47448062896728516,
    "Edema": 0.4716121554374695,
    "Pleural Effusion": 0.4734330177307129
}