,No Finding,Enlarged Cardiomediastinum,Cardiomegaly,Lung Opacity,Lung Lesion,Edema,Consolidation,Pneumonia,Atelectasis,Pneumothorax,Pleural Effusion,Pleural Other,Fracture,Support Devices
ModelA,5.0,5.0,4.442013250642831,5.0,5.0,5.278074303199232,4.485786440991706,5.0,3.8739577415104236,5.0,4.939262202285437,5.0,5.0,5.0
ModelB,5.0,5.0,5.148020392528926,5.0,5.0,5.363672358256606,4.191056591011498,5.0,4.100328131027871,5.0,4.037466832291634,5.0,5.0,5.0
ModelC,5.0,5.0,6.328251023766554,5.0,5.0,6.022172675504209,5.249530118456343,5.0,4.866627975396976,5.0,6.070214640486186,5.0,5.0,5.0
ModelD,5.0,5.0,4.45549327597339,5.0,5.0,4.625595963759661,5.372699379268201,5.0,6.068427225163142,5.0,5.196344860679291,5.0,5.0,5.0
ModelE,5.0,5.0,5.046329230755587,5.0,5.0,4.13468918337143,6.178525429264196,5.0,7.829951978456071,5.0,5.189985218121129,5.0,5.0,5.0
