{
    "AUROC": {
        "No Finding": 0.9091511936339522,
        "Enlarged Cardiomediastinum": 0.6093233082706766,
        "Cardiomegaly": 0.7823383084577115,
        "Lung Opacity": 0.3442118226600985,
        "Lung Lesion": 0.4773869346733668,
        "Edema": 0.9070223025919228,
        "Consolidation": 0.9123883928571429,
        "Pneumonia": 0.7109375,
        "Atelectasis": 0.8285866666666667,
        "Pneumothorax": 0.8737113402061856,
        "Pleural Effusion": 0.9145220588235294,
        "Pleural Other": 0.9296482412060302,
        "Fracture": NaN,
        "Support Devices": 0.8947894789478948
    },
    "AUROC_subset_mean": 0.8689715458793948,
    "F1_per_class": {
        "No Finding": 0.23423423423423423,
        "Enlarged Cardiomediastinum": 0.6936026936026936,
        "Cardiomegaly": 0.5614035087719298,
        "Lung Opacity": 0.7341772151898733,
        "Lung Lesion": 0.009950248756218907,
        "Edema": 0.35146443514644354,
        "Consolidation": 0.4050632911392405,
        "Pneumonia": 0.17543859649122806,
        "Atelectasis": 0.5474452554744526,
        "Pneumothorax": 0.06451612903225806,
        "Pleural Effusion": 0.5245901639344263,
        "Pleural Other": 0.125,
        "Fracture": 0.0,
        "Support Devices": 0.6622073578595317
    },
    "F1_subset_mean": 0.4779933308932985,
    "Youden_per_class": {
        "No Finding": 0.02298850574712641,
        "Enlarged Cardiomediastinum": 0.0441102756892231,
        "Cardiomegaly": 0.23835368611488006,
        "Lung Opacity": 0.0,
        "Lung Lesion": 0.0,
        "Edema": 0.018987341772152,
        "Consolidation": 0.44047619047619047,
        "Pneumonia": 0.3958333333333335,
        "Atelectasis": 0.008000000000000007,
        "Pneumothorax": 0.10309278350515472,
        "Pleural Effusion": 0.1470588235294117,
        "Pleural Other": 0.9296482412060301,
        "Fracture": -1.0,
        "Support Devices": 0.0
    },
    "Youden-index_subset_mean": 0.17057520837852685,
    "Accuracy_per_class": {
        "No Finding": 0.15,
        "Enlarged Cardiomediastinum": 0.545,
        "Cardiomegaly": 0.5,
        "Lung Opacity": 0.58,
        "Lung Lesion": 0.005,
        "Edema": 0.225,
        "Consolidation": 0.53,
        "Pneumonia": 0.765,
        "Atelectasis": 0.38,
        "Pneumothorax": 0.13,
        "Pleural Effusion": 0.42,
        "Pleural Other": 0.93,
        "Fracture": 0.0,
        "Support Devices": 0.495
    },
    "Accuracy_subset_mean": 0.41100000000000003
}