{
    "AUROC": {
        "No Finding": 0.8538961038961039,
        "Enlarged Cardiomediastinum": 0.7209846404231512,
        "Cardiomegaly": 0.8758620689655172,
        "Lung Opacity": 0.3982967572879135,
        "Lung Lesion": 0.708984375,
        "Edema": 0.9075312590869438,
        "Consolidation": 0.9255381035485747,
        "Pneumonia": 0.6287878787878788,
        "Atelectasis": 0.8494241192411924,
        "Pneumothorax": 0.8383838383838383,
        "Pleural Effusion": 0.9421323163654451,
        "Pleural Other": 0.985969387755102,
        "Fracture": 0.8967851099830796,
        "Support Devices": 0.9580622560304274
    },
    "AUROC_subset_mean": 0.9000975734415346,
    "F1_per_class": {
        "No Finding": 0.45,
        "Enlarged Cardiomediastinum": 0.0,
        "Cardiomegaly": 0.0,
        "Lung Opacity": 0.5239852398523985,
        "Lung Lesion": 0.0,
        "Edema": 0.1,
        "Consolidation": 0.0,
        "Pneumonia": 0.0,
        "Atelectasis": 0.0,
        "Pneumothorax": 0.0,
        "Pleural Effusion": 0.7187499999999999,
        "Pleural Other": 0.0,
        "Fracture": 0.02955665024630542,
        "Support Devices": 0.8852459016393444
    },
    "F1_subset_mean": 0.16374999999999998,
    "Youden_per_class": {
        "No Finding": 0.287408243929983,
        "Enlarged Cardiomediastinum": 0.0,
        "Cardiomegaly": 0.0,
        "Lung Opacity": 0.0,
        "Lung Lesion": 0.0,
        "Edema": 0.05263157894736836,
        "Consolidation": 0.0,
        "Pneumonia": 0.0,
        "Atelectasis": 0.0,
        "Pneumothorax": 0.0,
        "Pleural Effusion": 0.5970817443210081,
        "Pleural Other": 0.0,
        "Fracture": 0.0,
        "Support Devices": 0.7865078570713644
    },
    "Youden-index_subset_mean": 0.1299426646536753,
    "Accuracy_per_class": {
        "No Finding": 0.78,
        "Enlarged Cardiomediastinum": 0.565,
        "Cardiomegaly": 0.725,
        "Lung Opacity": 0.355,
        "Lung Lesion": 0.96,
        "Edema": 0.91,
        "Consolidation": 0.955,
        "Pneumonia": 0.99,
        "Atelectasis": 0.82,
        "Pneumothorax": 0.99,
        "Pleural Effusion": 0.91,
        "Pleural Other": 0.98,
        "Fracture": 0.015,
        "Support Devices": 0.895
    },
    "Accuracy_subset_mean": 0.8640000000000001
}