{
    "Atelectasis": 0.6083328127861023,
    "Cardiomegaly": 0.2805938422679901,
    "Consolidation": 0.3408275246620178,
    "Edema": 0.28395119309425354,
    "Pleural Effusion": 0.3106394112110138
}