{
    "Atelectasis": 0.3953988552093506,
    "Cardiomegaly": 0.2895699739456177,
    "Consolidation": 0.2931180000305176,
    "Edema": 0.3467402160167694,
    "Pleural Effusion": 0.22647249698638916
}