{
    "AUROC": {
        "No Finding": 0.9093722369584438,
        "Enlarged Cardiomediastinum": 0.6092230576441103,
        "Cardiomegaly": 0.7791723202170963,
        "Lung Opacity": 0.3442118226600984,
        "Lung Lesion": 0.4773869346733668,
        "Edema": 0.9035563592525617,
        "Consolidation": 0.9162946428571429,
        "Pneumonia": 0.7115885416666666,
        "Atelectasis": 0.8305066666666667,
        "Pneumothorax": 0.8745704467353952,
        "Pleural Effusion": 0.9145220588235294,
        "Pleural Other": 0.9296482412060302,
        "Fracture": NaN,
        "Support Devices": 0.8945894589458946
    },
    "AUROC_subset_mean": 0.8688104095633993,
    "F1_per_class": {
        "No Finding": 0.576271186440678,
        "Enlarged Cardiomediastinum": 0.6936026936026936,
        "Cardiomegaly": 0.5048543689320388,
        "Lung Opacity": 0.7341772151898733,
        "Lung Lesion": 0.01785714285714286,
        "Edema": 0.6785714285714285,
        "Consolidation": 0.6101694915254238,
        "Pneumonia": 0.16901408450704225,
        "Atelectasis": 0.6947368421052631,
        "Pneumothorax": 0.6666666666666666,
        "Pleural Effusion": 0.7407407407407407,
        "Pleural Other": 0.009950248756218907,
        "Fracture": 0.0,
        "Support Devices": 0.8349514563106796
    },
    "F1_subset_mean": 0.6458145743749789,
    "Youden_per_class": {
        "No Finding": 0.5618921308576481,
        "Enlarged Cardiomediastinum": 0.0441102756892231,
        "Cardiomegaly": 0.31184984170058794,
        "Lung Opacity": 0.0,
        "Lung Lesion": 0.44723618090452266,
        "Edema": 0.7022302591922847,
        "Consolidation": 0.5089285714285714,
        "Pneumonia": 0.453125,
        "Atelectasis": 0.488,
        "Pneumothorax": 0.5,
        "Pleural Effusion": 0.6268382352941178,
        "Pleural Other": 0.0,
        "Fracture": -1.0,
        "Support Devices": 0.6607660766076608
    },
    "Youden-index_subset_mean": 0.5275693815231124,
    "Accuracy_per_class": {
        "No Finding": 0.875,
        "Enlarged Cardiomediastinum": 0.545,
        "Cardiomegaly": 0.745,
        "Lung Opacity": 0.58,
        "Lung Lesion": 0.45,
        "Edema": 0.82,
        "Consolidation": 0.885,
        "Pneumonia": 0.705,
        "Atelectasis": 0.71,
        "Pneumothorax": 0.985,
        "Pleural Effusion": 0.825,
        "Pleural Other": 0.005,
        "Fracture": 0.0,
        "Support Devices": 0.83
    },
    "Accuracy_subset_mean": 0.7969999999999999
}