{
    "Atelectasis": 0.40531080961227417,
    "Cardiomegaly": 0.3819076120853424,
    "Consolidation": 0.35635435581207275,
    "Edema": 0.4337799549102783,
    "Pleural Effusion": 0.3913278579711914
}