{
    "Atelectasis": 0.4147263765335083,
    "Cardiomegaly": 0.3692081570625305,
    "Consolidation": 0.355600506067276,
    "Edema": 0.475134015083313,
    "Pleural Effusion": 0.4427233338356018
}