{
    "Atelectasis": 0.5030064582824707,
    "Cardiomegaly": 0.2042282670736313,
    "Consolidation": 0.277921587228775,
    "Edema": 0.22751443088054657,
    "Pleural Effusion": 0.193686842918396
}