{
    "Atelectasis": 0.4864760637283325,
    "Cardiomegaly": 0.5379586219787598,
    "Consolidation": 0.4478890299797058,
    "Edema": 0.4788338541984558,
    "Pleural Effusion": 0.43846723437309265
}