{
    "Atelectasis": 0.4095333218574524,
    "Cardiomegaly": 0.18630312383174896,
    "Consolidation": 0.225060373544693,
    "Edema": 0.21353039145469666,
    "Pleural Effusion": 0.19299671053886414
}