{
    "Atelectasis": 0.5863327383995056,
    "Cardiomegaly": 0.28002047538757324,
    "Consolidation": 0.33537259697914124,
    "Edema": 0.28212666511535645,
    "Pleural Effusion": 0.31416115164756775
}