{
    "Atelectasis": 0.5070374011993408,
    "Cardiomegaly": 0.185369610786438,
    "Consolidation": 0.23810938000679016,
    "Edema": 0.22530785202980042,
    "Pleural Effusion": 0.18175840377807617
}