{
    "Atelectasis": 0.49113282561302185,
    "Cardiomegaly": 0.5306339859962463,
    "Consolidation": 0.459873229265213,
    "Edema": 0.4805496037006378,
    "Pleural Effusion": 0.4464901089668274
}