{
    "Atelectasis": 0.29950177669525146,
    "Cardiomegaly": 0.25015899538993835,
    "Consolidation": 0.225997194647789,
    "Edema": 0.317428320646286,
    "Pleural Effusion": 0.2161368876695633
}