{
    "AUROC": {
        "No Finding": 0.9079393135955223,
        "Enlarged Cardiomediastinum": 0.649741562785041,
        "Cardiomegaly": 0.8755004838801497,
        "Lung Opacity": 0.3372977657935285,
        "Lung Lesion": 0.5746951219512195,
        "Edema": 0.8767468708227002,
        "Consolidation": 0.8514532542645875,
        "Pneumonia": 0.6291132180702732,
        "Atelectasis": 0.8010773954154189,
        "Pneumothorax": 0.8676171079429734,
        "Pleural Effusion": 0.9350233100233101,
        "Pleural Other": 0.9924395161290323,
        "Fracture": 0.7866666666666666,
        "Support Devices": 0.9313070103720804
    },
    "AUROC_subset_mean": 0.8679602628812333,
    "F1_per_class": {
        "No Finding": 0.5957446808510638,
        "Enlarged Cardiomediastinum": 0.6648648648648648,
        "Cardiomegaly": 0.6467889908256881,
        "Lung Opacity": 0.6910994764397906,
        "Lung Lesion": 0.04166666666666666,
        "Edema": 0.5714285714285714,
        "Consolidation": 0.33599999999999997,
        "Pneumonia": 0.05240174672489083,
        "Atelectasis": 0.631578947368421,
        "Pneumothorax": 0.2105263157894737,
        "Pleural Effusion": 0.6888888888888889,
        "Pleural Other": 0.04166666666666667,
        "Fracture": 0.019801980198019802,
        "Support Devices": 0.8560157790927021
    },
    "F1_subset_mean": 0.574937079702314,
    "Youden_per_class": {
        "No Finding": 0.5929444689939607,
        "Enlarged Cardiomediastinum": -0.0033764862140147622,
        "Cardiomegaly": 0.5211673845803526,
        "Lung Opacity": 0.0,
        "Lung Lesion": 0.19308943089430897,
        "Edema": 0.653785393121886,
        "Consolidation": 0.564902262244674,
        "Pneumonia": 0.1119167131437071,
        "Atelectasis": 0.47595637678702607,
        "Pneumothorax": 0.2059289431998188,
        "Pleural Effusion": 0.7098873348873349,
        "Pleural Other": 0.629032258064516,
        "Fracture": 0.0,
        "Support Devices": 0.7100787123871815
    },
    "Youden-index_subset_mean": 0.5851397503242547,
    "Accuracy_per_class": {
        "No Finding": 0.886,
        "Enlarged Cardiomediastinum": 0.504,
        "Cardiomegaly": 0.692,
        "Lung Opacity": 0.528,
        "Lung Lesion": 0.448,
        "Edema": 0.796,
        "Consolidation": 0.834,
        "Pneumonia": 0.566,
        "Atelectasis": 0.72,
        "Pneumothorax": 0.97,
        "Pleural Effusion": 0.832,
        "Pleural Other": 0.632,
        "Fracture": 0.01,
        "Support Devices": 0.854
    },
    "Accuracy_subset_mean": 0.7747999999999999
}