{
    "Atelectasis": 0.5737825036048889,
    "Cardiomegaly": 0.6515383124351501,
    "Consolidation": 0.6217265725135803,
    "Edema": 0.5339404344558716,
    "Pleaural Effusion": 0.7206054329872131
}