{
    "Atelectasis": 0.47635161876678467,
    "Cardiomegaly": 0.46187010407447815,
    "Consolidation": 0.40211358666419983,
    "Edema": 0.45282018184661865,
    "Pleural Effusion": 0.3686416447162628
}