{
    "Atelectasis": 0.5142621397972107,
    "Cardiomegaly": 0.5502680540084839,
    "Consolidation": 0.45206135511398315,
    "Edema": 0.5038648843765259,
    "Pleural Effusion": 0.4260246455669403
}