{
    "Atelectasis": 0.5576479434967041,
    "Cardiomegaly": 0.22429150342941284,
    "Consolidation": 0.2747133672237396,
    "Edema": 0.2388601303100586,
    "Pleural Effusion": 0.20526154339313507
}