{
    "Atelectasis": 0.6392142176628113,
    "Cardiomegaly": 0.27886560559272766,
    "Consolidation": 0.34252551198005676,
    "Edema": 0.2588936686515808,
    "Pleural Effusion": 0.23876142501831055
}