{
    "Atelectasis": 0.6183068752288818,
    "Cardiomegaly": 0.26263973116874695,
    "Consolidation": 0.3385283350944519,
    "Edema": 0.2659951448440552,
    "Pleural Effusion": 0.3022101819515228
}