{
    "Atelectasis": 0.5576080679893494,
    "Cardiomegaly": 0.22426751255989075,
    "Consolidation": 0.27468132972717285,
    "Edema": 0.23883666098117828,
    "Pleural Effusion": 0.20523694157600403
}