{
    "Atelectasis": 0.6183516979217529,
    "Cardiomegaly": 0.2627408504486084,
    "Consolidation": 0.3386157155036926,
    "Edema": 0.26609572768211365,
    "Pleural Effusion": 0.3023083508014679
}