{
    "Atelectasis": 0.6392222046852112,
    "Cardiomegaly": 0.2789269685745239,
    "Consolidation": 0.3425842225551605,
    "Edema": 0.25895342230796814,
    "Pleural Effusion": 0.23882700502872467
}