{
    "Atelectasis": 0.3205321729183197,
    "Cardiomegaly": 0.2538489103317261,
    "Consolidation": 0.23486986756324768,
    "Edema": 0.3328424394130707,
    "Pleural Effusion": 0.2282380312681198
}