{
    "Atelectasis": 0.4207595884799957,
    "Cardiomegaly": 0.29088282585144043,
    "Consolidation": 0.2735341489315033,
    "Edema": 0.2959243357181549,
    "Pleural Effusion": 0.22933751344680786
}