{
    "Atelectasis": 0.312650203704834,
    "Cardiomegaly": 0.34450146555900574,
    "Consolidation": 0.2755219638347626,
    "Edema": 0.2896210849285126,
    "Pleural Effusion": 0.23860511183738708
}