{
    "AUROC": {
        "No Finding": 0.9131299734748011,
        "Enlarged Cardiomediastinum": 0.5507769423558898,
        "Cardiomegaly": 0.7678652193577566,
        "Lung Opacity": 0.5,
        "Lung Lesion": 0.8542713567839196,
        "Edema": 0.9164406268836649,
        "Consolidation": 0.9048549107142857,
        "Pneumonia": 0.6572265625,
        "Atelectasis": 0.82192,
        "Pneumothorax": 0.8273195876288661,
        "Pleural Effusion": 0.9015969669117647,
        "Pleural Other": 0.9924623115577889,
        "Fracture": NaN,
        "Support Devices": 0.8736873687368736
    },
    "AUROC_subset_mean": 0.8625355447734944,
    "F1_per_class": {
        "No Finding": 0.5531914893617021,
        "Enlarged Cardiomediastinum": 0.6885245901639345,
        "Cardiomegaly": 0.5289256198347106,
        "Lung Opacity": 0.7341772151898733,
        "Lung Lesion": 0.0125,
        "Edema": 0.5899280575539568,
        "Consolidation": 0.5631067961165049,
        "Pneumonia": 0.1,
        "Atelectasis": 0.6728971962616823,
        "Pneumothorax": 0.14084507042253522,
        "Pleural Effusion": 0.7307692307692307,
        "Pleural Other": 0.030303030303030307,
        "Fracture": 0.0,
        "Support Devices": 0.7460317460317462
    },
    "F1_subset_mean": 0.6171253801072172,
    "Youden_per_class": {
        "No Finding": 0.7586206896551724,
        "Enlarged Cardiomediastinum": 0.0,
        "Cardiomegaly": 0.1338760741745817,
        "Lung Opacity": 0.0,
        "Lung Lesion": 0.20603015075376874,
        "Edema": 0.6217600964436407,
        "Consolidation": 0.65625,
        "Pneumonia": 0.22395833333333326,
        "Atelectasis": 0.42399999999999993,
        "Pneumothorax": 0.5240549828178693,
        "Pleural Effusion": 0.6332720588235294,
        "Pleural Other": 0.6783919597989949,
        "Fracture": -1.0,
        "Support Devices": 0.3653365336533654
    },
    "Youden-index_subset_mean": 0.4938316458883504,
    "Accuracy_per_class": {
        "No Finding": 0.79,
        "Enlarged Cardiomediastinum": 0.525,
        "Cardiomegaly": 0.43,
        "Lung Opacity": 0.58,
        "Lung Lesion": 0.21,
        "Edema": 0.715,
        "Consolidation": 0.775,
        "Pneumonia": 0.37,
        "Atelectasis": 0.65,
        "Pneumothorax": 0.695,
        "Pleural Effusion": 0.79,
        "Pleural Other": 0.68,
        "Fracture": 0.0,
        "Support Devices": 0.68
    },
    "Accuracy_subset_mean": 0.6719999999999999
}