{
    "Atelectasis": 0.5566800236701965,
    "Cardiomegaly": 0.25791603326797485,
    "Consolidation": 0.3523327708244324,
    "Edema": 0.23994913697242737,
    "Pleaural Effusion": 0.20546738803386688
}