{
    "Atelectasis": 0.4751092493534088,
    "Cardiomegaly": 0.5090630054473877,
    "Consolidation": 0.42572835087776184,
    "Edema": 0.4740874767303467,
    "Pleural Effusion": 0.4019392430782318
}