{
    "Atelectasis": 0.362544447183609,
    "Cardiomegaly": 0.17091158032417297,
    "Consolidation": 0.21512168645858765,
    "Edema": 0.18144649267196655,
    "Pleural Effusion": 0.20280387997627258
}