{
    "Atelectasis": 0.6608284115791321,
    "Cardiomegaly": 0.2977883517742157,
    "Consolidation": 0.332949697971344,
    "Edema": 0.2656126916408539,
    "Pleural Effusion": 0.24571198225021362
}