{
    "Atelectasis": 0.6243454813957214,
    "Cardiomegaly": 0.25694921612739563,
    "Consolidation": 0.3563638925552368,
    "Edema": 0.2613738179206848,
    "Pleural Effusion": 0.30059340596199036
}