{
    "Atelectasis": 0.4835672676563263,
    "Cardiomegaly": 0.5363277196884155,
    "Consolidation": 0.43165943026542664,
    "Edema": 0.46842172741889954,
    "Pleural Effusion": 0.44013211131095886
}