{
    "Atelectasis": 0.48998215794563293,
    "Cardiomegaly": 0.5157752633094788,
    "Consolidation": 0.44248202443122864,
    "Edema": 0.49526911973953247,
    "Pleural Effusion": 0.41777926683425903
}