{
    "Atelectasis": 0.4864442050457001,
    "Cardiomegaly": 0.5377449989318848,
    "Consolidation": 0.44814828038215637,
    "Edema": 0.47874176502227783,
    "Pleural Effusion": 0.43839430809020996
}