{
    "Atelectasis": 0.5029597282409668,
    "Cardiomegaly": 0.2041710466146469,
    "Consolidation": 0.2778640687465668,
    "Edema": 0.2274562418460846,
    "Pleural Effusion": 0.19362898170948029
}