{
    "Atelectasis": 0.6425497531890869,
    "Cardiomegaly": 0.2866774797439575,
    "Consolidation": 0.3221912682056427,
    "Edema": 0.2570417523384094,
    "Pleural Effusion": 0.24088789522647858
}