{
    "Atelectasis": 0.598911464214325,
    "Cardiomegaly": 0.25467950105667114,
    "Consolidation": 0.34723126888275146,
    "Edema": 0.25575917959213257,
    "Pleural Effusion": 0.2982214391231537
}