{
    "AUROC": {
        "No Finding": 0.9079393135955223,
        "Enlarged Cardiomediastinum": 0.649741562785041,
        "Cardiomegaly": 0.8729008140571928,
        "Lung Opacity": 0.3372977657935285,
        "Lung Lesion": 0.5746951219512195,
        "Edema": 0.8765645886498967,
        "Consolidation": 0.8513068306611026,
        "Pneumonia": 0.6291132180702732,
        "Atelectasis": 0.8015294494358743,
        "Pneumothorax": 0.8676171079429734,
        "Pleural Effusion": 0.9358731546231546,
        "Pleural Other": 0.9924395161290323,
        "Fracture": 0.7866666666666666,
        "Support Devices": 0.9313070103720804
    },
    "AUROC_subset_mean": 0.8676349674854441,
    "F1_per_class": {
        "No Finding": 0.5957446808510638,
        "Enlarged Cardiomediastinum": 0.6719787516600265,
        "Cardiomegaly": 0.7234042553191489,
        "Lung Opacity": 0.6910994764397906,
        "Lung Lesion": 0.04624277456647399,
        "Edema": 0.5777777777777777,
        "Consolidation": 0.3283582089552239,
        "Pneumonia": 0.16666666666666669,
        "Atelectasis": 0.6308068459657701,
        "Pneumothorax": 0.28571428571428575,
        "Pleural Effusion": 0.76,
        "Pleural Other": 0.5714285714285715,
        "Fracture": 0.06153846153846154,
        "Support Devices": 0.8677042801556422
    },
    "F1_subset_mean": 0.604069417603584,
    "Youden_per_class": {
        "No Finding": 0.5929444689939607,
        "Enlarged Cardiomediastinum": 0.0,
        "Cardiomegaly": 0.6190250289379304,
        "Lung Opacity": 0.0,
        "Lung Lesion": 0.3292682926829269,
        "Edema": 0.6390205371248026,
        "Consolidation": 0.3219855040632549,
        "Pneumonia": 0.09090909090909083,
        "Atelectasis": 0.4771430185907217,
        "Pneumothorax": 0.31500339443312964,
        "Pleural Effusion": 0.6802641802641802,
        "Pleural Other": 0.497983870967742,
        "Fracture": 0.2828282828282829,
        "Support Devices": 0.7288831177158981
    },
    "Youden-index_subset_mean": 0.5474876537961779,
    "Accuracy_per_class": {
        "No Finding": 0.886,
        "Enlarged Cardiomediastinum": 0.506,
        "Cardiomegaly": 0.818,
        "Lung Opacity": 0.528,
        "Lung Lesion": 0.34,
        "Edema": 0.81,
        "Consolidation": 0.91,
        "Pneumonia": 0.98,
        "Atelectasis": 0.698,
        "Pneumothorax": 0.97,
        "Pleural Effusion": 0.904,
        "Pleural Other": 0.994,
        "Fracture": 0.878,
        "Support Devices": 0.864
    },
    "Accuracy_subset_mean": 0.8280000000000001
}