{
    "Atelectasis": 0.43773746490478516,
    "Cardiomegaly": 0.22792086005210876,
    "Consolidation": 0.28416645526885986,
    "Edema": 0.19581730663776398,
    "Pleural Effusion": 0.17298643290996552
}