{
    "AUROC": {
        "No Finding": 0.8826226248342908,
        "Enlarged Cardiomediastinum": 0.525331647757277,
        "Cardiomegaly": 0.8288866961422419,
        "Lung Opacity": 0.5,
        "Lung Lesion": 0.5720274390243902,
        "Edema": 0.8432221412079232,
        "Consolidation": 0.798411303902189,
        "Pneumonia": 0.597508830637665,
        "Atelectasis": 0.7748959333973744,
        "Pneumothorax": 0.8523421588594705,
        "Pleural Effusion": 0.9049266705516705,
        "Pleural Other": 0.9768145161290323,
        "Fracture": 0.5,
        "Support Devices": 0.9121018291412174
    },
    "AUROC_subset_mean": 0.8300685490402797,
    "F1_per_class": {
        "No Finding": 0.46153846153846156,
        "Enlarged Cardiomediastinum": 0.6719787516600265,
        "Cardiomegaly": 0.4975124378109453,
        "Lung Opacity": 0.6910994764397906,
        "Lung Lesion": 0.03608247422680412,
        "Edema": 0.44179104477611936,
        "Consolidation": 0.20512820512820515,
        "Pneumonia": 0.04034582132564841,
        "Atelectasis": 0.5769980506822612,
        "Pneumothorax": 0.08421052631578947,
        "Pleural Effusion": 0.5872093023255814,
        "Pleural Other": 0.03960396039603961,
        "Fracture": 0.019801980198019802,
        "Support Devices": 0.79375
    },
    "F1_subset_mean": 0.46172780814462244,
    "Youden_per_class": {
        "No Finding": 0.6271173957873031,
        "Enlarged Cardiomediastinum": 0.0,
        "Cardiomegaly": 0.12804797054972572,
        "Lung Opacity": 0.0,
        "Lung Lesion": 0.11686991869918706,
        "Edema": 0.5150686596184226,
        "Consolidation": 0.4432974595504795,
        "Pneumonia": -0.036437999628183615,
        "Atelectasis": 0.3563692527923754,
        "Pneumothorax": 0.5365467300294182,
        "Pleural Effusion": 0.620143745143745,
        "Pleural Other": 0.6088709677419355,
        "Fracture": 0.0,
        "Support Devices": 0.4501675243270973
    },
    "Youden-index_subset_mean": 0.4125854175309497,
    "Accuracy_per_class": {
        "No Finding": 0.734,
        "Enlarged Cardiomediastinum": 0.506,
        "Cardiomegaly": 0.394,
        "Lung Opacity": 0.528,
        "Lung Lesion": 0.252,
        "Edema": 0.626,
        "Consolidation": 0.628,
        "Pneumonia": 0.334,
        "Atelectasis": 0.566,
        "Pneumothorax": 0.652,
        "Pleural Effusion": 0.716,
        "Pleural Other": 0.612,
        "Fracture": 0.01,
        "Support Devices": 0.736
    },
    "Accuracy_subset_mean": 0.586
}