{
    "Atelectasis": 0.42185911536216736,
    "Cardiomegaly": 0.2968873977661133,
    "Consolidation": 0.27798712253570557,
    "Edema": 0.3030795454978943,
    "Pleural Effusion": 0.23355568945407867
}