{
    "Atelectasis": 0.4676721394062042,
    "Cardiomegaly": 0.26948976516723633,
    "Consolidation": 0.3414306044578552,
    "Edema": 0.3141013979911804,
    "Pleural Effusion": 0.22479745745658875
}