{
    "Atelectasis": 0.5070421695709229,
    "Cardiomegaly": 0.18537265062332153,
    "Consolidation": 0.23811425268650055,
    "Edema": 0.22531257569789886,
    "Pleural Effusion": 0.18176203966140747
}