{
    "Atelectasis": 0.5863302946090698,
    "Cardiomegaly": 0.2800177335739136,
    "Consolidation": 0.335368275642395,
    "Edema": 0.28212258219718933,
    "Pleural Effusion": 0.31415703892707825
}