{
    "Atelectasis": 0.5871939659118652,
    "Cardiomegaly": 0.4677310287952423,
    "Consolidation": 0.4991542398929596,
    "Edema": 0.4363768994808197,
    "Pleaural Effusion": 0.5242592096328735
}