{
    "Atelectasis": 0.7176165580749512,
    "Cardiomegaly": 0.5928440093994141,
    "Consolidation": 0.7505262494087219,
    "Edema": 0.717245876789093,
    "Pleaural Effusion": 0.40083083510398865
}