{
    "Atelectasis": 0.6726558208465576,
    "Cardiomegaly": 0.7389482259750366,
    "Consolidation": 0.6425591707229614,
    "Edema": 0.7099864482879639,
    "Pleaural Effusion": 0.6308740973472595
}