{
    "Atelectasis": 0.5303648114204407,
    "Cardiomegaly": 0.4136447608470917,
    "Consolidation": 0.6124738454818726,
    "Edema": 0.29965147376060486,
    "Pleaural Effusion": 0.45682212710380554
}