{
    "Atelectasis": 0.49824148416519165,
    "Cardiomegaly": 0.2872655391693115,
    "Consolidation": 0.3587697148323059,
    "Edema": 0.3356359899044037,
    "Pleural Effusion": 0.23882143199443817
}