{
    "AUROC": {
        "No Finding": 0.9091511936339522,
        "Enlarged Cardiomediastinum": 0.6093233082706766,
        "Cardiomegaly": 0.7792853912256897,
        "Lung Opacity": 0.3442118226600985,
        "Lung Lesion": 0.4773869346733668,
        "Edema": 0.9034056660638939,
        "Consolidation": 0.9166666666666667,
        "Pneumonia": 0.7109375,
        "Atelectasis": 0.8305066666666666,
        "Pneumothorax": 0.8737113402061856,
        "Pleural Effusion": 0.9146369485294117,
        "Pleural Other": 0.9296482412060302,
        "Fracture": NaN,
        "Support Devices": 0.8947894789478948
    },
    "AUROC_subset_mean": 0.8689002678304657,
    "F1_per_class": {
        "No Finding": 0.576271186440678,
        "Enlarged Cardiomediastinum": 0.6936026936026936,
        "Cardiomegaly": 0.6301369863013698,
        "Lung Opacity": 0.7341772151898733,
        "Lung Lesion": 0.014814814814814815,
        "Edema": 0.7238095238095238,
        "Consolidation": 0.7142857142857143,
        "Pneumonia": 0.16666666666666669,
        "Atelectasis": 0.711864406779661,
        "Pneumothorax": 0.6666666666666666,
        "Pleural Effusion": 0.7863247863247864,
        "Pleural Other": 0.08333333333333333,
        "Fracture": 0.0,
        "Support Devices": 0.8269230769230771
    },
    "F1_subset_mean": 0.713284283500211,
    "Youden_per_class": {
        "No Finding": 0.5618921308576481,
        "Enlarged Cardiomediastinum": 0.0441102756892231,
        "Cardiomegaly": 0.4432383536861151,
        "Lung Opacity": 0.0,
        "Lung Lesion": 0.3316582914572863,
        "Edema": 0.7465340566606389,
        "Consolidation": 0.7038690476190477,
        "Pneumonia": 0.3802083333333335,
        "Atelectasis": 0.528,
        "Pneumothorax": 0.5,
        "Pleural Effusion": 0.6672794117647058,
        "Pleural Other": 0.8894472361809045,
        "Fracture": -1.0,
        "Support Devices": 0.640964096409641
    },
    "Youden-index_subset_mean": 0.6177841739461014,
    "Accuracy_per_class": {
        "No Finding": 0.875,
        "Enlarged Cardiomediastinum": 0.545,
        "Cardiomegaly": 0.73,
        "Lung Opacity": 0.58,
        "Lung Lesion": 0.335,
        "Edema": 0.855,
        "Consolidation": 0.9,
        "Pneumonia": 0.75,
        "Atelectasis": 0.745,
        "Pneumothorax": 0.985,
        "Pleural Effusion": 0.875,
        "Pleural Other": 0.89,
        "Fracture": 0.0,
        "Support Devices": 0.82
    },
    "Accuracy_subset_mean": 0.8210000000000001
}