{
    "AUROC": {
        "No Finding": 0.9131299734748011,
        "Enlarged Cardiomediastinum": 0.5507769423558898,
        "Cardiomegaly": 0.7486431478968794,
        "Lung Opacity": 0.5,
        "Lung Lesion": 0.8542713567839196,
        "Edema": 0.9102622061482821,
        "Consolidation": 0.9002046130952381,
        "Pneumonia": 0.6572265625,
        "Atelectasis": 0.8160533333333333,
        "Pneumothorax": 0.8273195876288661,
        "Pleural Effusion": 0.8990693933823529,
        "Pleural Other": 0.9924623115577889,
        "Fracture": NaN,
        "Support Devices": 0.8736873687368736
    },
    "AUROC_subset_mean": 0.8548465387712172,
    "F1_per_class": {
        "No Finding": 0.23008849557522126,
        "Enlarged Cardiomediastinum": 0.6885245901639345,
        "Cardiomegaly": 0.49624060150375937,
        "Lung Opacity": 0.7341772151898733,
        "Lung Lesion": 0.009950248756218907,
        "Edema": 0.6753246753246753,
        "Consolidation": 0.2758620689655173,
        "Pneumonia": 0.07692307692307693,
        "Atelectasis": 0.6466165413533834,
        "Pneumothorax": 0.058252427184466014,
        "Pleural Effusion": 0.48484848484848486,
        "Pleural Other": 0.009950248756218907,
        "Fracture": 0.0,
        "Support Devices": 0.6622073578595317
    },
    "F1_subset_mean": 0.515778474399164,
    "Youden_per_class": {
        "No Finding": 0.0,
        "Enlarged Cardiomediastinum": 0.0,
        "Cardiomegaly": 0.0,
        "Lung Opacity": 0.0,
        "Lung Lesion": 0.0,
        "Edema": 0.5620855937311635,
        "Consolidation": 0.0,
        "Pneumonia": 0.0,
        "Atelectasis": 0.45333333333333337,
        "Pneumothorax": 0.0,
        "Pleural Effusion": 0.0,
        "Pleural Other": 0.0,
        "Fracture": -1.0,
        "Support Devices": 0.0
    },
    "Youden-index_subset_mean": 0.20308378541289937,
    "Accuracy_per_class": {
        "No Finding": 0.13,
        "Enlarged Cardiomediastinum": 0.525,
        "Cardiomegaly": 0.33,
        "Lung Opacity": 0.58,
        "Lung Lesion": 0.005,
        "Edema": 0.875,
        "Consolidation": 0.16,
        "Pneumonia": 0.04,
        "Atelectasis": 0.765,
        "Pneumothorax": 0.03,
        "Pleural Effusion": 0.32,
        "Pleural Other": 0.005,
        "Fracture": 0.0,
        "Support Devices": 0.495
    },
    "Accuracy_subset_mean": 0.48999999999999994,
    "grid_search": {
        "best_a": 0.1,
        "best_b": 0.9,
        "best_f1_subset_mean": 0.7339321288539374
    }
}