{
    "AUROC": {
        "No Finding": 0.9080459770114943,
        "Enlarged Cardiomediastinum": 0.5976942355889725,
        "Cardiomegaly": 0.7691090004522841,
        "Lung Opacity": 0.35683497536945813,
        "Lung Lesion": 0.44221105527638194,
        "Edema": 0.8976793248945147,
        "Consolidation": 0.9049479166666666,
        "Pneumonia": 0.734375,
        "Atelectasis": 0.8398933333333334,
        "Pneumothorax": 0.8565292096219931,
        "Pleural Effusion": 0.9191176470588235,
        "Pleural Other": 0.9396984924623115,
        "Fracture": NaN,
        "Support Devices": 0.8941894189418941
    },
    "AUROC_subset_mean": 0.8661494444811245,
    "F1_per_class": {
        "No Finding": 0.5348837209302326,
        "Enlarged Cardiomediastinum": 0.6885245901639345,
        "Cardiomegaly": 0.5868263473053892,
        "Lung Opacity": 0.7341772151898733,
        "Lung Lesion": 0.0,
        "Edema": 0.5030674846625767,
        "Consolidation": 0.6292134831460674,
        "Pneumonia": 0.14634146341463414,
        "Atelectasis": 0.6731707317073171,
        "Pneumothorax": 0.2857142857142857,
        "Pleural Effusion": 0.7603305785123967,
        "Pleural Other": 0.030303030303030307,
        "Fracture": 0.0,
        "Support Devices": 0.823529411764706
    },
    "F1_subset_mean": 0.6305217250667494,
    "Youden_per_class": {
        "No Finding": 0.671971706454465,
        "Enlarged Cardiomediastinum": 0.0,
        "Cardiomegaly": 0.3543645409317051,
        "Lung Opacity": 0.0,
        "Lung Lesion": -0.4974874371859297,
        "Edema": 0.4698613622664256,
        "Consolidation": 0.7023809523809523,
        "Pneumonia": 0.3958333333333335,
        "Atelectasis": 0.43199999999999994,
        "Pneumothorax": 0.16666666666666674,
        "Pleural Effusion": 0.6378676470588234,
        "Pleural Other": 0.6783919597989949,
        "Fracture": 0.0,
        "Support Devices": 0.6405640564056405
    },
    "Youden-index_subset_mean": 0.5192949005275812,
    "Accuracy_per_class": {
        "No Finding": 0.8,
        "Enlarged Cardiomediastinum": 0.525,
        "Cardiomegaly": 0.655,
        "Lung Opacity": 0.58,
        "Lung Lesion": 0.5,
        "Edema": 0.595,
        "Consolidation": 0.835,
        "Pneumonia": 0.65,
        "Atelectasis": 0.665,
        "Pneumothorax": 0.975,
        "Pleural Effusion": 0.855,
        "Pleural Other": 0.68,
        "Fracture": 1.0,
        "Support Devices": 0.82
    },
    "Accuracy_subset_mean": 0.721
}