{
    "AUROC": {
        "No Finding": 0.5017857142857142,
        "Enlarged Cardiomediastinum": 0.5,
        "Cardiomegaly": 0.5,
        "Lung Opacity": 0.5,
        "Lung Lesion": 0.30194805194805197,
        "Edema": 0.5869565217391305,
        "Consolidation": 0.5,
        "Pneumonia": 0.5,
        "Atelectasis": 0.5,
        "Pneumothorax": 0.5,
        "Pleural Effusion": 0.6190010664770706,
        "Pleural Other": 0.5,
        "Fracture": NaN,
        "Support Devices": 0.8206994645247657
    },
    "AUROC_subset_mean": 0.5411915176432401,
    "F1_per_class": {
        "No Finding": 0.05128205128205128,
        "Enlarged Cardiomediastinum": 0.0,
        "Cardiomegaly": 0.0,
        "Lung Opacity": 0.0,
        "Lung Lesion": 0.0,
        "Edema": 0.3137254901960785,
        "Consolidation": 0.0,
        "Pneumonia": 0.0,
        "Atelectasis": 0.0,
        "Pneumothorax": 0.0,
        "Pleural Effusion": 0.4,
        "Pleural Other": 0.0,
        "Fracture": 0.0,
        "Support Devices": 0.8027210884353742
    },
    "F1_subset_mean": 0.1427450980392157,
    "Youden_per_class": {
        "No Finding": 0.0035714285714285587,
        "Enlarged Cardiomediastinum": 0.0,
        "Cardiomegaly": 0.0,
        "Lung Opacity": 0.0,
        "Lung Lesion": -0.39610389610389607,
        "Edema": 0.17391304347826098,
        "Consolidation": 0.0,
        "Pneumonia": 0.0,
        "Atelectasis": 0.0,
        "Pneumothorax": 0.0,
        "Pleural Effusion": 0.23800213295414152,
        "Pleural Other": 0.0,
        "Fracture": 0.0,
        "Support Devices": 0.6413989290495314
    },
    "Youden-index_subset_mean": 0.0823830352864805,
    "Accuracy_per_class": {
        "No Finding": 0.7612903225806451,
        "Enlarged Cardiomediastinum": 0.41935483870967744,
        "Cardiomegaly": 0.5870967741935483,
        "Lung Opacity": 0.34838709677419355,
        "Lung Lesion": 0.6,
        "Edema": 0.7741935483870968,
        "Consolidation": 0.8064516129032258,
        "Pneumonia": 0.9483870967741935,
        "Atelectasis": 0.5419354838709678,
        "Pneumothorax": 0.9483870967741935,
        "Pleural Effusion": 0.7096774193548387,
        "Pleural Other": 0.9935483870967742,
        "Fracture": 1.0,
        "Support Devices": 0.8129032258064516
    },
    "Accuracy_subset_mean": 0.6838709677419355
}