{
    "AUROC": {
        "No Finding": 0.9091511936339522,
        "Enlarged Cardiomediastinum": 0.6093233082706766,
        "Cardiomegaly": 0.779059249208503,
        "Lung Opacity": 0.3442118226600985,
        "Lung Lesion": 0.4773869346733668,
        "Edema": 0.9015973477998794,
        "Consolidation": 0.9110863095238095,
        "Pneumonia": 0.7109375,
        "Atelectasis": 0.8308266666666667,
        "Pneumothorax": 0.8737113402061856,
        "Pleural Effusion": 0.9152113970588236,
        "Pleural Other": 0.9296482412060302,
        "Fracture": NaN,
        "Support Devices": 0.8947894789478948
    },
    "AUROC_subset_mean": 0.8675561940515364,
    "F1_per_class": {
        "No Finding": 0.5208333333333334,
        "Enlarged Cardiomediastinum": 0.6339285714285715,
        "Cardiomegaly": 0.6259541984732825,
        "Lung Opacity": 0.05,
        "Lung Lesion": 0.018691588785046728,
        "Edema": 0.7238095238095238,
        "Consolidation": 0.6436781609195402,
        "Pneumonia": 0.16216216216216214,
        "Atelectasis": 0.7058823529411765,
        "Pneumothorax": 0.16,
        "Pleural Effusion": 0.7863247863247864,
        "Pleural Other": 0.03389830508474576,
        "Fracture": 0.0,
        "Support Devices": 0.8176795580110497
    },
    "F1_subset_mean": 0.6971298044936619,
    "Youden_per_class": {
        "No Finding": 0.7029177718832891,
        "Enlarged Cardiomediastinum": 0.17092731829573937,
        "Cardiomegaly": 0.44210764360018096,
        "Lung Opacity": 0.013957307060755486,
        "Lung Lesion": 0.4723618090452262,
        "Edema": 0.7465340566606389,
        "Consolidation": 0.7142857142857144,
        "Pneumonia": 0.4375,
        "Atelectasis": 0.52,
        "Pneumothorax": 0.6752577319587629,
        "Pleural Effusion": 0.6672794117647058,
        "Pleural Other": 0.7135678391959799,
        "Fracture": 0.0,
        "Support Devices": 0.6682668266826683
    },
    "Youden-index_subset_mean": 0.6180413652622481,
    "Accuracy_per_class": {
        "No Finding": 0.77,
        "Enlarged Cardiomediastinum": 0.59,
        "Cardiomegaly": 0.755,
        "Lung Opacity": 0.43,
        "Lung Lesion": 0.475,
        "Edema": 0.855,
        "Consolidation": 0.845,
        "Pneumonia": 0.69,
        "Atelectasis": 0.75,
        "Pneumothorax": 0.685,
        "Pleural Effusion": 0.875,
        "Pleural Other": 0.715,
        "Fracture": 1.0,
        "Support Devices": 0.835
    },
    "Accuracy_subset_mean": 0.8160000000000001
}