{
    "Atelectasis": 0.6318590044975281,
    "Cardiomegaly": 0.2594679892063141,
    "Consolidation": 0.3595952093601227,
    "Edema": 0.26258593797683716,
    "Pleural Effusion": 0.3014994263648987
}