{
    "Atelectasis": 0.7945117354393005,
    "Cardiomegaly": 0.8196110129356384,
    "Consolidation": 0.8679099678993225,
    "Edema": 0.8429630398750305,
    "Pleaural Effusion": 0.7995864748954773
}