{
    "Atelectasis": 0.4187717139720917,
    "Cardiomegaly": 0.22256438434123993,
    "Consolidation": 0.28257787227630615,
    "Edema": 0.1984584629535675,
    "Pleural Effusion": 0.1737489104270935
}