{
    "accuracy": 0.6785714030265808,
    "youden_index": {
        "No Finding": 0.7449159622192383,
        "Enlarged Cardiomediastinum": 0.08721804618835449,
        "Cardiomegaly": 0.4131615161895752,
        "Lung Opacity": 0.0,
        "Lung Lesion": 0.552763819694519,
        "Edema": 0.670283317565918,
        "Consolidation": 0.610119104385376,
        "Pneumonia": 0.09375,
        "Atelectasis": 0.47733330726623535,
        "Pneumothorax": 0.6357388496398926,
        "Pleural Effusion": 0.6461396217346191,
        "Pleural Other": 0.7839195728302002,
        "Fracture": -1.0,
        "Support Devices": 0.42214226722717285
    },
    "f1_score": {
        "No Finding": 0.5925925925925927,
        "Enlarged Cardiomediastinum": 0.7010309278350515,
        "Cardiomegaly": 0.6122448979591836,
        "Lung Opacity": 0.7341772151898733,
        "Lung Lesion": 0.02197802197802198,
        "Edema": 0.6938775510204083,
        "Consolidation": 0.6567164179104478,
        "Pneumonia": 0.08695652173913043,
        "Atelectasis": 0.6823529411764706,
        "Pneumothorax": 0.5,
        "Pleural Effusion": 0.7642276422764227,
        "Pleural Other": 0.044444444444444446,
        "Fracture": 0.0,
        "Support Devices": 0.7363636363636364
    },
    "average_youden_index": 0.5634073615074158,
    "average_f1_score": 0.6818838900685866
}