{
    "Atelectasis": 0.4676722586154938,
    "Cardiomegaly": 0.2694898247718811,
    "Consolidation": 0.3414306640625,
    "Edema": 0.3141014277935028,
    "Pleural Effusion": 0.22479753196239471
}