{
    "Atelectasis": 0.586329996585846,
    "Cardiomegaly": 0.2800176441669464,
    "Consolidation": 0.3353680968284607,
    "Edema": 0.2821224629878998,
    "Pleural Effusion": 0.3141568899154663
}