{
    "Atelectasis": 0.5070422291755676,
    "Cardiomegaly": 0.18537269532680511,
    "Consolidation": 0.23811429738998413,
    "Edema": 0.22531262040138245,
    "Pleural Effusion": 0.18176206946372986
}