{
    "Atelectasis": 0.17108218371868134,
    "Cardiomegaly": 0.6523875594139099,
    "Consolidation": 0.5221695899963379,
    "Edema": 0.6154031753540039,
    "Pleural Effusion": 0.5681063532829285
}