{
    "Atelectasis": 0.22782379388809204,
    "Cardiomegaly": 0.2045598179101944,
    "Consolidation": 0.225814551115036,
    "Edema": 0.2284129559993744,
    "Pleural Effusion": 0.17228375375270844
}