{
    "AUROC": {
        "No Finding": 0.9091511936339522,
        "Enlarged Cardiomediastinum": 0.6093233082706766,
        "Cardiomegaly": 0.7793984622342832,
        "Lung Opacity": 0.3442118226600985,
        "Lung Lesion": 0.4773869346733668,
        "Edema": 0.9037070524412296,
        "Consolidation": 0.9164806547619048,
        "Pneumonia": 0.7109375,
        "Atelectasis": 0.8308266666666667,
        "Pneumothorax": 0.8737113402061856,
        "Pleural Effusion": 0.9147518382352942,
        "Pleural Other": 0.9296482412060302,
        "Fracture": NaN,
        "Support Devices": 0.8947894789478948
    },
    "AUROC_subset_mean": 0.8690329348678757,
    "F1_per_class": {
        "No Finding": 0.5714285714285714,
        "Enlarged Cardiomediastinum": 0.6891891891891893,
        "Cardiomegaly": 0.6344827586206897,
        "Lung Opacity": 0.7341772151898733,
        "Lung Lesion": 0.013986013986013986,
        "Edema": 0.7238095238095238,
        "Consolidation": 0.6944444444444444,
        "Pneumonia": 0.15999999999999998,
        "Atelectasis": 0.711864406779661,
        "Pneumothorax": 0.6666666666666666,
        "Pleural Effusion": 0.7863247863247864,
        "Pleural Other": 0.0689655172413793,
        "Fracture": 0.0,
        "Support Devices": 0.8093023255813953
    },
    "F1_subset_mean": 0.7101851839958211,
    "Youden_per_class": {
        "No Finding": 0.6312997347480107,
        "Enlarged Cardiomediastinum": 0.03458646616541361,
        "Cardiomegaly": 0.45070104025327895,
        "Lung Opacity": 0.0,
        "Lung Lesion": 0.29145728643216073,
        "Edema": 0.7465340566606389,
        "Consolidation": 0.6919642857142856,
        "Pneumonia": 0.171875,
        "Atelectasis": 0.528,
        "Pneumothorax": 0.5,
        "Pleural Effusion": 0.6672794117647058,
        "Pleural Other": 0.864321608040201,
        "Fracture": -1.0,
        "Support Devices": 0.5916591659165915
    },
    "Youden-index_subset_mean": 0.616895758878582,
    "Accuracy_per_class": {
        "No Finding": 0.85,
        "Enlarged Cardiomediastinum": 0.54,
        "Cardiomegaly": 0.735,
        "Lung Opacity": 0.58,
        "Lung Lesion": 0.295,
        "Edema": 0.855,
        "Consolidation": 0.89,
        "Pneumonia": 0.895,
        "Atelectasis": 0.745,
        "Pneumothorax": 0.985,
        "Pleural Effusion": 0.875,
        "Pleural Other": 0.865,
        "Fracture": 0.0,
        "Support Devices": 0.795
    },
    "Accuracy_subset_mean": 0.82
}