{
    "Atelectasis": 0.4379916787147522,
    "Cardiomegaly": 0.2282552421092987,
    "Consolidation": 0.28458377718925476,
    "Edema": 0.19614079594612122,
    "Pleural Effusion": 0.17318253219127655
}