{
    "accuracy": 0.7071428298950195,
    "youden_index": {
        "No Finding": 0.6198055744171143,
        "Enlarged Cardiomediastinum": 0.06716787815093994,
        "Cardiomegaly": 0.40750789642333984,
        "Lung Opacity": 0.0,
        "Lung Lesion": 0.6834170818328857,
        "Edema": 0.6814346313476562,
        "Consolidation": 0.6339285373687744,
        "Pneumonia": 0.203125,
        "Atelectasis": 0.527999997138977,
        "Pneumothorax": 0.48969078063964844,
        "Pleural Effusion": 0.6681985855102539,
        "Pleural Other": 0.8140703439712524,
        "Fracture": -1.0,
        "Support Devices": 0.5710570812225342
    },
    "f1_score": {
        "No Finding": 0.5555555555555555,
        "Enlarged Cardiomediastinum": 0.6941580756013744,
        "Cardiomegaly": 0.6162790697674418,
        "Lung Opacity": 0.7341772151898733,
        "Lung Lesion": 0.03076923076923077,
        "Edema": 0.6930693069306931,
        "Consolidation": 0.5909090909090908,
        "Pneumonia": 0.11594202898550726,
        "Atelectasis": 0.7080745341614907,
        "Pneumothorax": 0.5454545454545454,
        "Pleural Effusion": 0.7833333333333332,
        "Pleural Other": 0.05128205128205127,
        "Fracture": 0.0,
        "Support Devices": 0.7942583732057416
    },
    "average_youden_index": 0.5838139653205872,
    "average_f1_score": 0.67833306702041
}