{
    "AUROC": {
        "No Finding": 0.9091511936339522,
        "Enlarged Cardiomediastinum": 0.6093233082706766,
        "Cardiomegaly": 0.7795115332428765,
        "Lung Opacity": 0.3442118226600985,
        "Lung Lesion": 0.4773869346733668,
        "Edema": 0.9032549728752259,
        "Consolidation": 0.9122023809523809,
        "Pneumonia": 0.7109375,
        "Atelectasis": 0.82976,
        "Pneumothorax": 0.8737113402061856,
        "Pleural Effusion": 0.9165900735294118,
        "Pleural Other": 0.9296482412060302,
        "Fracture": NaN,
        "Support Devices": 0.8947894789478948
    },
    "AUROC_subset_mean": 0.8682637921199792,
    "F1_per_class": {
        "No Finding": 0.576271186440678,
        "Enlarged Cardiomediastinum": 0.6936026936026936,
        "Cardiomegaly": 0.619718309859155,
        "Lung Opacity": 0.7341772151898733,
        "Lung Lesion": 0.018691588785046728,
        "Edema": 0.7169811320754718,
        "Consolidation": 0.7042253521126761,
        "Pneumonia": 0.16216216216216214,
        "Atelectasis": 0.7066666666666667,
        "Pneumothorax": 0.6666666666666666,
        "Pleural Effusion": 0.7796610169491525,
        "Pleural Other": 0.03389830508474576,
        "Fracture": 0.0,
        "Support Devices": 0.8333333333333333
    },
    "F1_subset_mean": 0.7054504955326243,
    "Youden_per_class": {
        "No Finding": 0.5618921308576481,
        "Enlarged Cardiomediastinum": 0.0441102756892231,
        "Cardiomegaly": 0.427860696517413,
        "Lung Opacity": 0.0,
        "Lung Lesion": 0.4723618090452262,
        "Edema": 0.7402049427365882,
        "Consolidation": 0.6979166666666665,
        "Pneumonia": 0.4375,
        "Atelectasis": 0.5306666666666666,
        "Pneumothorax": 0.5,
        "Pleural Effusion": 0.6599264705882353,
        "Pleural Other": 0.7135678391959799,
        "Fracture": -1.0,
        "Support Devices": 0.6605660566056606
    },
    "Youden-index_subset_mean": 0.611315088635114,
    "Accuracy_per_class": {
        "No Finding": 0.875,
        "Enlarged Cardiomediastinum": 0.545,
        "Cardiomegaly": 0.73,
        "Lung Opacity": 0.58,
        "Lung Lesion": 0.475,
        "Edema": 0.85,
        "Consolidation": 0.895,
        "Pneumonia": 0.69,
        "Atelectasis": 0.78,
        "Pneumothorax": 0.985,
        "Pleural Effusion": 0.87,
        "Pleural Other": 0.715,
        "Fracture": 0.0,
        "Support Devices": 0.83
    },
    "Accuracy_subset_mean": 0.825
}