{
    "Atelectasis": 0.41867950558662415,
    "Cardiomegaly": 0.2227550446987152,
    "Consolidation": 0.2828684449195862,
    "Edema": 0.19871005415916443,
    "Pleural Effusion": 0.17383377254009247
}