{
    "AUROC": {
        "No Finding": 0.9091511936339522,
        "Enlarged Cardiomediastinum": 0.6093233082706766,
        "Cardiomegaly": 0.7773631840796019,
        "Lung Opacity": 0.3442118226600985,
        "Lung Lesion": 0.4773869346733668,
        "Edema": 0.9017480409885473,
        "Consolidation": 0.9131324404761905,
        "Pneumonia": 0.7109375,
        "Atelectasis": 0.8299733333333335,
        "Pneumothorax": 0.8737113402061856,
        "Pleural Effusion": 0.9164751838235294,
        "Pleural Other": 0.9296482412060302,
        "Fracture": NaN,
        "Support Devices": 0.8947894789478948
    },
    "AUROC_subset_mean": 0.8677384365402403,
    "F1_per_class": {
        "No Finding": 0.576271186440678,
        "Enlarged Cardiomediastinum": 0.6936026936026936,
        "Cardiomegaly": 0.6241134751773049,
        "Lung Opacity": 0.7341772151898733,
        "Lung Lesion": 0.018691588785046728,
        "Edema": 0.6972477064220184,
        "Consolidation": 0.7042253521126761,
        "Pneumonia": 0.16216216216216214,
        "Atelectasis": 0.6973684210526315,
        "Pneumothorax": 0.6666666666666666,
        "Pleural Effusion": 0.7731092436974789,
        "Pleural Other": 0.03389830508474576,
        "Fracture": 0.0,
        "Support Devices": 0.8333333333333333
    },
    "F1_subset_mean": 0.6992128396924219,
    "Youden_per_class": {
        "No Finding": 0.5618921308576481,
        "Enlarged Cardiomediastinum": 0.0441102756892231,
        "Cardiomegaly": 0.4353233830845771,
        "Lung Opacity": 0.0,
        "Lung Lesion": 0.4723618090452262,
        "Edema": 0.7212176009644364,
        "Consolidation": 0.6979166666666665,
        "Pneumonia": 0.4375,
        "Atelectasis": 0.5146666666666668,
        "Pneumothorax": 0.5,
        "Pleural Effusion": 0.6525735294117647,
        "Pleural Other": 0.7135678391959799,
        "Fracture": -1.0,
        "Support Devices": 0.6605660566056606
    },
    "Youden-index_subset_mean": 0.6043395693588224,
    "Accuracy_per_class": {
        "No Finding": 0.875,
        "Enlarged Cardiomediastinum": 0.545,
        "Cardiomegaly": 0.735,
        "Lung Opacity": 0.58,
        "Lung Lesion": 0.475,
        "Edema": 0.835,
        "Consolidation": 0.895,
        "Pneumonia": 0.69,
        "Atelectasis": 0.77,
        "Pneumothorax": 0.985,
        "Pleural Effusion": 0.865,
        "Pleural Other": 0.715,
        "Fracture": 0.0,
        "Support Devices": 0.83
    },
    "Accuracy_subset_mean": 0.82
}