{
    "Atelectasis": 0.42076417803764343,
    "Cardiomegaly": 0.2908850908279419,
    "Consolidation": 0.2735375165939331,
    "Edema": 0.2959292232990265,
    "Pleural Effusion": 0.22934119403362274
}