{
    "Atelectasis": 0.5748639702796936,
    "Cardiomegaly": 0.5971711874008179,
    "Consolidation": 0.5999509692192078,
    "Edema": 0.573535680770874,
    "Pleaural Effusion": 0.6850177049636841
}