{
    "Atelectasis": 0.422140896320343,
    "Cardiomegaly": 0.19138525426387787,
    "Consolidation": 0.23170021176338196,
    "Edema": 0.21930712461471558,
    "Pleural Effusion": 0.19759492576122284
}