{
    "Atelectasis": 0.48463016748428345,
    "Cardiomegaly": 0.5372484922409058,
    "Consolidation": 0.43208613991737366,
    "Edema": 0.4691030979156494,
    "Pleural Effusion": 0.44092169404029846
}