{
    "Atelectasis": 0.49045029282569885,
    "Cardiomegaly": 0.5163220763206482,
    "Consolidation": 0.4426870048046112,
    "Edema": 0.49577951431274414,
    "Pleural Effusion": 0.4182327687740326
}