{
    "Atelectasis": 0.32050424814224243,
    "Cardiomegaly": 0.25379589200019836,
    "Consolidation": 0.23482486605644226,
    "Edema": 0.3328036963939667,
    "Pleural Effusion": 0.22820010781288147
}