{
    "Atelectasis": 0.42068976163864136,
    "Cardiomegaly": 0.2908005118370056,
    "Consolidation": 0.27346324920654297,
    "Edema": 0.29585573077201843,
    "Pleural Effusion": 0.22927282750606537
}