{
    "AUROC": {
        "No Finding": 0.8826226248342908,
        "Enlarged Cardiomediastinum": 0.525331647757277,
        "Cardiomegaly": 0.8198542666843772,
        "Lung Opacity": 0.5,
        "Lung Lesion": 0.5720274390243902,
        "Edema": 0.8445284967796816,
        "Consolidation": 0.8032432828171902,
        "Pneumonia": 0.597508830637665,
        "Atelectasis": 0.7784558588084609,
        "Pneumothorax": 0.8523421588594705,
        "Pleural Effusion": 0.9057522338772339,
        "Pleural Other": 0.9768145161290323,
        "Fracture": 0.5,
        "Support Devices": 0.9121018291412174
    },
    "AUROC_subset_mean": 0.8303668277933888,
    "F1_per_class": {
        "No Finding": 0.5555555555555555,
        "Enlarged Cardiomediastinum": 0.6647646219686163,
        "Cardiomegaly": 0.6478149100257069,
        "Lung Opacity": 0.6910994764397906,
        "Lung Lesion": 0.025806451612903222,
        "Edema": 0.5671641791044776,
        "Consolidation": 0.33070866141732286,
        "Pneumonia": 0.0975609756097561,
        "Atelectasis": 0.5783132530120482,
        "Pneumothorax": 0.30769230769230765,
        "Pleural Effusion": 0.6737588652482269,
        "Pleural Other": 0.25806451612903225,
        "Fracture": 0.019801980198019802,
        "Support Devices": 0.8449612403100775
    },
    "F1_subset_mean": 0.5595519737615564,
    "Youden_per_class": {
        "No Finding": 0.6512004713507142,
        "Enlarged Cardiomediastinum": 0.05050327247123576,
        "Cardiomegaly": 0.5135201806485892,
        "Lung Opacity": 0.0,
        "Lung Lesion": -0.04471544715447151,
        "Edema": 0.574371126503828,
        "Consolidation": 0.5606559777436124,
        "Pneumonia": 0.12455846811675042,
        "Atelectasis": 0.38825789681866985,
        "Pneumothorax": 0.21814890246662144,
        "Pleural Effusion": 0.703865578865579,
        "Pleural Other": 0.9536290322580645,
        "Fracture": 0.0,
        "Support Devices": 0.6804373266644224
    },
    "Youden-index_subset_mean": 0.5481341521160557,
    "Accuracy_per_class": {
        "No Finding": 0.84,
        "Enlarged Cardiomediastinum": 0.53,
        "Cardiomegaly": 0.726,
        "Lung Opacity": 0.528,
        "Lung Lesion": 0.698,
        "Edema": 0.826,
        "Consolidation": 0.83,
        "Pneumonia": 0.926,
        "Atelectasis": 0.72,
        "Pneumothorax": 0.982,
        "Pleural Effusion": 0.816,
        "Pleural Other": 0.954,
        "Fracture": 0.01,
        "Support Devices": 0.84
    },
    "Accuracy_subset_mean": 0.7836
}