{
    "AUROC": {
        "No Finding": 0.7172855879752431,
        "Enlarged Cardiomediastinum": 0.5,
        "Cardiomegaly": 0.5227272727272727,
        "Lung Opacity": 0.5,
        "Lung Lesion": 0.5226130653266332,
        "Edema": 0.7750904159132008,
        "Consolidation": 0.5,
        "Pneumonia": 0.5,
        "Atelectasis": 0.5093333333333333,
        "Pneumothorax": 0.6563573883161511,
        "Pleural Effusion": 0.7787798713235294,
        "Pleural Other": 0.5,
        "Fracture": NaN,
        "Support Devices": 0.8595859585958596
    },
    "AUROC_subset_mean": 0.6171861786594672,
    "F1_per_class": {
        "No Finding": 0.4912280701754386,
        "Enlarged Cardiomediastinum": 0.6885245901639345,
        "Cardiomegaly": 0.49624060150375937,
        "Lung Opacity": 0.7341772151898733,
        "Lung Lesion": 0.018348623853211007,
        "Edema": 0.5979381443298969,
        "Consolidation": 0.2758620689655173,
        "Pneumonia": 0.07692307692307693,
        "Atelectasis": 0.5454545454545454,
        "Pneumothorax": 0.3333333333333333,
        "Pleural Effusion": 0.7102803738317758,
        "Pleural Other": 0.009950248756218907,
        "Fracture": 0.0,
        "Support Devices": 0.8195121951219513
    },
    "F1_subset_mean": 0.525155146817099,
    "Youden_per_class": {
        "No Finding": 0.44076038903625103,
        "Enlarged Cardiomediastinum": 0.0,
        "Cardiomegaly": 0.0,
        "Lung Opacity": 0.0,
        "Lung Lesion": 0.4623115577889447,
        "Edema": 0.525919228450874,
        "Consolidation": 0.0,
        "Pneumonia": 0.0,
        "Atelectasis": 0.0,
        "Pneumothorax": 0.3127147766323024,
        "Pleural Effusion": 0.5569852941176472,
        "Pleural Other": 0.0,
        "Fracture": 0.0,
        "Support Devices": 0.6306630663066306
    },
    "Youden-index_subset_mean": 0.21658090451370424,
    "Accuracy_per_class": {
        "No Finding": 0.855,
        "Enlarged Cardiomediastinum": 0.525,
        "Cardiomegaly": 0.33,
        "Lung Opacity": 0.58,
        "Lung Lesion": 0.465,
        "Edema": 0.805,
        "Consolidation": 0.16,
        "Pneumonia": 0.04,
        "Atelectasis": 0.375,
        "Pneumothorax": 0.96,
        "Pleural Effusion": 0.845,
        "Pleural Other": 0.005,
        "Fracture": 1.0,
        "Support Devices": 0.815
    },
    "Accuracy_subset_mean": 0.503
}