{
    "Atelectasis": 0.49518758058547974,
    "Cardiomegaly": 0.479133278131485,
    "Consolidation": 0.41627198457717896,
    "Edema": 0.4829578995704651,
    "Pleural Effusion": 0.39596420526504517
}