{
    "Atelectasis": 0.5099598169326782,
    "Cardiomegaly": 0.5443412065505981,
    "Consolidation": 0.4539973735809326,
    "Edema": 0.5100139379501343,
    "Pleural Effusion": 0.43381696939468384
}