{
    "Atelectasis": 0.4186795651912689,
    "Cardiomegaly": 0.22275447845458984,
    "Consolidation": 0.28286775946617126,
    "Edema": 0.19870899617671967,
    "Pleural Effusion": 0.1738327294588089
}