{
    "Atelectasis": 0.4676007628440857,
    "Cardiomegaly": 0.2694413661956787,
    "Consolidation": 0.3413747549057007,
    "Edema": 0.31404078006744385,
    "Pleural Effusion": 0.22475939989089966
}