{
    "Atelectasis": 0.5863634943962097,
    "Cardiomegaly": 0.280021995306015,
    "Consolidation": 0.33538538217544556,
    "Edema": 0.28213417530059814,
    "Pleural Effusion": 0.3141685426235199
}