{
    "Atelectasis": 0.5069850087165833,
    "Cardiomegaly": 0.1853092610836029,
    "Consolidation": 0.2380465716123581,
    "Edema": 0.22524476051330566,
    "Pleural Effusion": 0.18169690668582916
}