{
    "AUROC": {
        "No Finding": 0.9079393135955223,
        "Enlarged Cardiomediastinum": 0.649741562785041,
        "Cardiomegaly": 0.8746276020417845,
        "Lung Opacity": 0.3372977657935285,
        "Lung Lesion": 0.5746951219512195,
        "Edema": 0.8775367602381821,
        "Consolidation": 0.8551138443517096,
        "Pneumonia": 0.6291132180702732,
        "Atelectasis": 0.8018119831986589,
        "Pneumothorax": 0.8676171079429734,
        "Pleural Effusion": 0.9357760295260295,
        "Pleural Other": 0.9924395161290323,
        "Fracture": 0.7866666666666666,
        "Support Devices": 0.9313070103720804
    },
    "AUROC_subset_mean": 0.868973243871273,
    "F1_per_class": {
        "No Finding": 0.22064056939501778,
        "Enlarged Cardiomediastinum": 0.6719787516600265,
        "Cardiomegaly": 0.4639016897081413,
        "Lung Opacity": 0.6910994764397906,
        "Lung Lesion": 0.031496062992125984,
        "Edema": 0.2698961937716263,
        "Consolidation": 0.10964083175803403,
        "Pneumonia": 0.043052837573385516,
        "Atelectasis": 0.46860643185298617,
        "Pneumothorax": 0.03536345776031434,
        "Pleural Effusion": 0.3443708609271523,
        "Pleural Other": 0.015873015873015872,
        "Fracture": 0.019801980198019802,
        "Support Devices": 0.6859395532194481
    },
    "F1_subset_mean": 0.33128320160358804,
    "Youden_per_class": {
        "No Finding": 0.0,
        "Enlarged Cardiomediastinum": 0.0,
        "Cardiomegaly": 0.0,
        "Lung Opacity": 0.0,
        "Lung Lesion": 0.0,
        "Edema": 0.0,
        "Consolidation": 0.0,
        "Pneumonia": 0.0,
        "Atelectasis": 0.0,
        "Pneumothorax": 0.0,
        "Pleural Effusion": 0.0,
        "Pleural Other": 0.0,
        "Fracture": 0.0,
        "Support Devices": 0.0
    },
    "Youden-index_subset_mean": 0.0,
    "Accuracy_per_class": {
        "No Finding": 0.124,
        "Enlarged Cardiomediastinum": 0.506,
        "Cardiomegaly": 0.302,
        "Lung Opacity": 0.528,
        "Lung Lesion": 0.016,
        "Edema": 0.156,
        "Consolidation": 0.058,
        "Pneumonia": 0.022,
        "Atelectasis": 0.306,
        "Pneumothorax": 0.018,
        "Pleural Effusion": 0.208,
        "Pleural Other": 0.008,
        "Fracture": 0.01,
        "Support Devices": 0.522
    },
    "Accuracy_subset_mean": 0.20600000000000002
}