{
    "Atelectasis": 0.21509689092636108,
    "Cardiomegaly": 0.17732718586921692,
    "Consolidation": 0.2033029943704605,
    "Edema": 0.23738454282283783,
    "Pleural Effusion": 0.1586616337299347
}