{
    "AUROC": {
        "No Finding": 0.9091511936339522,
        "Enlarged Cardiomediastinum": 0.6093233082706766,
        "Cardiomegaly": 0.7793984622342832,
        "Lung Opacity": 0.3442118226600985,
        "Lung Lesion": 0.4773869346733668,
        "Edema": 0.9037070524412296,
        "Consolidation": 0.9164806547619048,
        "Pneumonia": 0.7109375,
        "Atelectasis": 0.8308266666666667,
        "Pneumothorax": 0.8737113402061856,
        "Pleural Effusion": 0.9147518382352942,
        "Pleural Other": 0.9296482412060302,
        "Fracture": NaN,
        "Support Devices": 0.8947894789478948
    },
    "AUROC_subset_mean": 0.8690329348678757,
    "F1_per_class": {
        "No Finding": 0.5641025641025641,
        "Enlarged Cardiomediastinum": 0.6936026936026936,
        "Cardiomegaly": 0.6344827586206897,
        "Lung Opacity": 0.7341772151898733,
        "Lung Lesion": 0.012903225806451613,
        "Edema": 0.7238095238095238,
        "Consolidation": 0.6956521739130435,
        "Pneumonia": 0.16666666666666669,
        "Atelectasis": 0.7045454545454546,
        "Pneumothorax": 0.6666666666666666,
        "Pleural Effusion": 0.7863247863247864,
        "Pleural Other": 0.1111111111111111,
        "Fracture": 0.0,
        "Support Devices": 0.7826086956521738
    },
    "F1_subset_mean": 0.7089629394426996,
    "Youden_per_class": {
        "No Finding": 0.6737400530503979,
        "Enlarged Cardiomediastinum": 0.0441102756892231,
        "Cardiomegaly": 0.45070104025327895,
        "Lung Opacity": 0.0,
        "Lung Lesion": 0.23115577889447225,
        "Edema": 0.7465340566606389,
        "Consolidation": 0.6726190476190477,
        "Pneumonia": 0.3802083333333335,
        "Atelectasis": 0.5146666666666666,
        "Pneumothorax": 0.5,
        "Pleural Effusion": 0.6672794117647058,
        "Pleural Other": 0.9195979899497488,
        "Fracture": -1.0,
        "Support Devices": 0.5031503150315031
    },
    "Youden-index_subset_mean": 0.6103600445928675,
    "Accuracy_per_class": {
        "No Finding": 0.83,
        "Enlarged Cardiomediastinum": 0.545,
        "Cardiomegaly": 0.735,
        "Lung Opacity": 0.58,
        "Lung Lesion": 0.235,
        "Edema": 0.855,
        "Consolidation": 0.895,
        "Pneumonia": 0.75,
        "Atelectasis": 0.74,
        "Pneumothorax": 0.985,
        "Pleural Effusion": 0.875,
        "Pleural Other": 0.92,
        "Fracture": 0.0,
        "Support Devices": 0.75
    },
    "Accuracy_subset_mean": 0.82
}