{
    "AUROC": {
        "No Finding": 0.9079393135955223,
        "Enlarged Cardiomediastinum": 0.649741562785041,
        "Cardiomegaly": 0.8746276020417845,
        "Lung Opacity": 0.3372977657935285,
        "Lung Lesion": 0.5746951219512195,
        "Edema": 0.8775367602381821,
        "Consolidation": 0.8551138443517096,
        "Pneumonia": 0.6291132180702732,
        "Atelectasis": 0.8018119831986589,
        "Pneumothorax": 0.8676171079429734,
        "Pleural Effusion": 0.9357760295260295,
        "Pleural Other": 0.9924395161290323,
        "Fracture": 0.7866666666666666,
        "Support Devices": 0.9313070103720804
    },
    "AUROC_subset_mean": 0.868973243871273,
    "F1_per_class": {
        "No Finding": 0.5957446808510638,
        "Enlarged Cardiomediastinum": 0.6648648648648648,
        "Cardiomegaly": 0.7008086253369273,
        "Lung Opacity": 0.6910994764397906,
        "Lung Lesion": 0.04166666666666666,
        "Edema": 0.5666666666666667,
        "Consolidation": 0.33599999999999997,
        "Pneumonia": 0.05240174672489083,
        "Atelectasis": 0.6264501160092806,
        "Pneumothorax": 0.2105263157894737,
        "Pleural Effusion": 0.699619771863118,
        "Pleural Other": 0.04166666666666667,
        "Fracture": 0.019801980198019802,
        "Support Devices": 0.8560157790927021
    },
    "F1_subset_mean": 0.5859090359751986,
    "Youden_per_class": {
        "No Finding": 0.5929444689939607,
        "Enlarged Cardiomediastinum": -0.0033764862140147622,
        "Cardiomegaly": 0.6030474961574224,
        "Lung Opacity": 0.0,
        "Lung Lesion": 0.19308943089430897,
        "Edema": 0.6490460566289951,
        "Consolidation": 0.564902262244674,
        "Pneumonia": 0.1119167131437071,
        "Atelectasis": 0.47024919477877614,
        "Pneumothorax": 0.2059289431998188,
        "Pleural Effusion": 0.7154234654234655,
        "Pleural Other": 0.629032258064516,
        "Fracture": 0.0,
        "Support Devices": 0.7100787123871815
    },
    "Youden-index_subset_mean": 0.6005336950466666,
    "Accuracy_per_class": {
        "No Finding": 0.886,
        "Enlarged Cardiomediastinum": 0.504,
        "Cardiomegaly": 0.778,
        "Lung Opacity": 0.528,
        "Lung Lesion": 0.448,
        "Edema": 0.792,
        "Consolidation": 0.834,
        "Pneumonia": 0.566,
        "Atelectasis": 0.678,
        "Pneumothorax": 0.97,
        "Pleural Effusion": 0.842,
        "Pleural Other": 0.632,
        "Fracture": 0.01,
        "Support Devices": 0.854
    },
    "Accuracy_subset_mean": 0.7847999999999999
}