{
    "Atelectasis": 0.46963682770729065,
    "Cardiomegaly": 0.5293376445770264,
    "Consolidation": 0.4318113923072815,
    "Edema": 0.4626949429512024,
    "Pleural Effusion": 0.4380362629890442
}