{
    "Atelectasis": 0.4927559494972229,
    "Cardiomegaly": 0.532077431678772,
    "Consolidation": 0.46181100606918335,
    "Edema": 0.48215022683143616,
    "Pleural Effusion": 0.4481082856655121
}