{
    "Atelectasis": 0.4918884336948395,
    "Cardiomegaly": 0.5168864130973816,
    "Consolidation": 0.4470597803592682,
    "Edema": 0.4937572479248047,
    "Pleural Effusion": 0.4252360761165619
}