{
    "Atelectasis": 0.5030125975608826,
    "Cardiomegaly": 0.20423515141010284,
    "Consolidation": 0.2779307961463928,
    "Edema": 0.22752192616462708,
    "Pleural Effusion": 0.1936943084001541
}