{
    "Atelectasis": 0.6425504684448242,
    "Cardiomegaly": 0.2866728901863098,
    "Consolidation": 0.3221854865550995,
    "Edema": 0.2570441663265228,
    "Pleural Effusion": 0.2408875972032547
}