{
    "Atelectasis": 0.5987944006919861,
    "Cardiomegaly": 0.2545120120048523,
    "Consolidation": 0.34706777334213257,
    "Edema": 0.25558996200561523,
    "Pleural Effusion": 0.298054963350296
}