{
    "AUROC": {
        "No Finding": 0.8538961038961039,
        "Enlarged Cardiomediastinum": 0.7209846404231512,
        "Cardiomegaly": 0.8747335423197492,
        "Lung Opacity": 0.3982967572879135,
        "Lung Lesion": 0.708984375,
        "Edema": 0.9072404768828147,
        "Consolidation": 0.9243746364165212,
        "Pneumonia": 0.6287878787878788,
        "Atelectasis": 0.8482384823848239,
        "Pneumothorax": 0.8383838383838383,
        "Pleural Effusion": 0.9437904161830543,
        "Pleural Other": 0.985969387755102,
        "Fracture": 0.8967851099830796,
        "Support Devices": 0.9580622560304274
    },
    "AUROC_subset_mean": 0.8996755108373927,
    "F1_per_class": {
        "No Finding": 0.6,
        "Enlarged Cardiomediastinum": 0.6126760563380282,
        "Cardiomegaly": 0.6950354609929079,
        "Lung Opacity": 0.5239852398523985,
        "Lung Lesion": 0.13186813186813184,
        "Edema": 0.5423728813559322,
        "Consolidation": 0.41379310344827586,
        "Pneumonia": 0.02439024390243903,
        "Atelectasis": 0.5205479452054794,
        "Pneumothorax": 0.0,
        "Pleural Effusion": 0.6428571428571429,
        "Pleural Other": 0.08695652173913045,
        "Fracture": 0.0,
        "Support Devices": 0.8913043478260869
    },
    "F1_subset_mean": 0.5629213067719476,
    "Youden_per_class": {
        "No Finding": 0.4963297571993224,
        "Enlarged Cardiomediastinum": 0.026548672566371723,
        "Cardiomegaly": 0.6357366771159874,
        "Lung Opacity": 0.0,
        "Lung Lesion": 0.3489583333333335,
        "Edema": 0.7095085780750217,
        "Consolidation": 0.593368237347295,
        "Pneumonia": 0.101010101010101,
        "Atelectasis": 0.4180216802168022,
        "Pneumothorax": -0.005050505050505083,
        "Pleural Effusion": 0.6070303432266622,
        "Pleural Other": 0.5714285714285714,
        "Fracture": 0.0,
        "Support Devices": 0.7968171354218798
    },
    "Youden-index_subset_mean": 0.5927331031963536,
    "Accuracy_per_class": {
        "No Finding": 0.8,
        "Enlarged Cardiomediastinum": 0.45,
        "Cardiomegaly": 0.785,
        "Lung Opacity": 0.355,
        "Lung Lesion": 0.605,
        "Edema": 0.865,
        "Consolidation": 0.915,
        "Pneumonia": 0.6,
        "Atelectasis": 0.825,
        "Pneumothorax": 0.985,
        "Pleural Effusion": 0.85,
        "Pleural Other": 0.58,
        "Fracture": 0.985,
        "Support Devices": 0.9
    },
    "Accuracy_subset_mean": 0.8479999999999999
}