{
    "Atelectasis": 0.47245490550994873,
    "Cardiomegaly": 0.4636136293411255,
    "Consolidation": 0.47819456458091736,
    "Edema": 0.45731741189956665,
    "Pleural Effusion": 0.4729660451412201
}