{
    "Atelectasis": 0.482352077960968,
    "Cardiomegaly": 0.472481369972229,
    "Consolidation": 0.4744662046432495,
    "Edema": 0.471598744392395,
    "Pleural Effusion": 0.47341790795326233
}