{
    "AUROC": {
        "No Finding": 0.9131299734748011,
        "Enlarged Cardiomediastinum": 0.5507769423558898,
        "Cardiomegaly": 0.769109000452284,
        "Lung Opacity": 0.5,
        "Lung Lesion": 0.8542713567839196,
        "Edema": 0.9157625075346594,
        "Consolidation": 0.9052269345238095,
        "Pneumonia": 0.6572265625,
        "Atelectasis": 0.8242666666666667,
        "Pneumothorax": 0.8273195876288661,
        "Pleural Effusion": 0.8999885110294117,
        "Pleural Other": 0.9924623115577889,
        "Fracture": NaN,
        "Support Devices": 0.8736873687368736
    },
    "AUROC_subset_mean": 0.8628707240413664,
    "F1_per_class": {
        "No Finding": 0.5866666666666667,
        "Enlarged Cardiomediastinum": 0.6971830985915493,
        "Cardiomegaly": 0.6482758620689656,
        "Lung Opacity": 0.7341772151898733,
        "Lung Lesion": 0.03333333333333333,
        "Edema": 0.717391304347826,
        "Consolidation": 0.75,
        "Pneumonia": 0.23529411764705882,
        "Atelectasis": 0.7225806451612902,
        "Pneumothorax": 0.6,
        "Pleural Effusion": 0.8130081300813008,
        "Pleural Other": 0.4,
        "Fracture": 0.0,
        "Support Devices": 0.823529411764706
    },
    "F1_subset_mean": 0.7302511883318765,
    "Youden_per_class": {
        "No Finding": 0.6909814323607426,
        "Enlarged Cardiomediastinum": 0.10075187969924815,
        "Cardiomegaly": 0.4733152419719584,
        "Lung Opacity": 0.0,
        "Lung Lesion": 0.708542713567839,
        "Edema": 0.6781193490054249,
        "Consolidation": 0.7663690476190477,
        "Pneumonia": 0.21354166666666652,
        "Atelectasis": 0.5546666666666669,
        "Pneumothorax": 0.4948453608247423,
        "Pleural Effusion": 0.7150735294117647,
        "Pleural Other": 0.9849246231155779,
        "Fracture": -1.0,
        "Support Devices": 0.6405640564056405
    },
    "Youden-index_subset_mean": 0.6375087669349725,
    "Accuracy_per_class": {
        "No Finding": 0.845,
        "Enlarged Cardiomediastinum": 0.57,
        "Cardiomegaly": 0.745,
        "Lung Opacity": 0.58,
        "Lung Lesion": 0.71,
        "Edema": 0.87,
        "Consolidation": 0.91,
        "Pneumonia": 0.935,
        "Atelectasis": 0.785,
        "Pneumothorax": 0.98,
        "Pleural Effusion": 0.885,
        "Pleural Other": 0.985,
        "Fracture": 0.0,
        "Support Devices": 0.82
    },
    "Accuracy_subset_mean": 0.8390000000000001
}