{
    "AUROC": {
        "No Finding": 0.9091511936339522,
        "Enlarged Cardiomediastinum": 0.6093233082706766,
        "Cardiomegaly": 0.759950248756219,
        "Lung Opacity": 0.3442118226600985,
        "Lung Lesion": 0.4773869346733668,
        "Edema": 0.8829113924050632,
        "Consolidation": 0.9060639880952381,
        "Pneumonia": 0.7109375,
        "Atelectasis": 0.8288,
        "Pneumothorax": 0.8737113402061856,
        "Pleural Effusion": 0.9183134191176471,
        "Pleural Other": 0.9296482412060302,
        "Fracture": NaN,
        "Support Devices": 0.8947894789478948
    },
    "AUROC_subset_mean": 0.8592078096748335,
    "F1_per_class": {
        "No Finding": 0.5633802816901408,
        "Enlarged Cardiomediastinum": 0.6885245901639345,
        "Cardiomegaly": 0.6164383561643836,
        "Lung Opacity": 0.7341772151898733,
        "Lung Lesion": 0.017699115044247787,
        "Edema": 0.6732673267326733,
        "Consolidation": 0.6585365853658537,
        "Pneumonia": 0.07692307692307693,
        "Atelectasis": 0.6797385620915033,
        "Pneumothorax": 0.5,
        "Pleural Effusion": 0.7741935483870969,
        "Pleural Other": 0.009950248756218907,
        "Fracture": 0.0,
        "Support Devices": 0.8247422680412371
    },
    "F1_subset_mean": 0.6804348757483022,
    "Youden_per_class": {
        "No Finding": 0.625552608311229,
        "Enlarged Cardiomediastinum": 0.0,
        "Cardiomegaly": 0.42062415196743563,
        "Lung Opacity": 0.0,
        "Lung Lesion": 0.44221105527638205,
        "Edema": 0.6512959614225438,
        "Consolidation": 0.7068452380952381,
        "Pneumonia": 0.0,
        "Atelectasis": 0.4853333333333334,
        "Pneumothorax": 0.48453608247422686,
        "Pleural Effusion": 0.6617647058823528,
        "Pleural Other": 0.0,
        "Fracture": -1.0,
        "Support Devices": 0.6595659565956595
    },
    "Youden-index_subset_mean": 0.5851726781401807,
    "Accuracy_per_class": {
        "No Finding": 0.845,
        "Enlarged Cardiomediastinum": 0.525,
        "Cardiomegaly": 0.72,
        "Lung Opacity": 0.58,
        "Lung Lesion": 0.445,
        "Edema": 0.835,
        "Consolidation": 0.86,
        "Pneumonia": 0.04,
        "Atelectasis": 0.755,
        "Pneumothorax": 0.97,
        "Pleural Effusion": 0.86,
        "Pleural Other": 0.005,
        "Fracture": 0.0,
        "Support Devices": 0.83
    },
    "Accuracy_subset_mean": 0.806,
    "Best a": 0.67,
    "Best b": 0.05
}