{
    "AUROC": {
        "No Finding": 0.9091511936339522,
        "Enlarged Cardiomediastinum": 0.6093233082706766,
        "Cardiomegaly": 0.7792853912256897,
        "Lung Opacity": 0.3442118226600985,
        "Lung Lesion": 0.4773869346733668,
        "Edema": 0.9035563592525617,
        "Consolidation": 0.9166666666666667,
        "Pneumonia": 0.7109375,
        "Atelectasis": 0.8301866666666667,
        "Pneumothorax": 0.8737113402061856,
        "Pleural Effusion": 0.9146369485294117,
        "Pleural Other": 0.9296482412060302,
        "Fracture": NaN,
        "Support Devices": 0.8947894789478948
    },
    "AUROC_subset_mean": 0.8688664064681995,
    "F1_per_class": {
        "No Finding": 0.5957446808510638,
        "Enlarged Cardiomediastinum": 0.6936026936026936,
        "Cardiomegaly": 0.6351351351351352,
        "Lung Opacity": 0.7341772151898733,
        "Lung Lesion": 0.018691588785046728,
        "Edema": 0.7169811320754718,
        "Consolidation": 0.6944444444444444,
        "Pneumonia": 0.16216216216216214,
        "Atelectasis": 0.7078651685393258,
        "Pneumothorax": 0.6666666666666666,
        "Pleural Effusion": 0.7863247863247864,
        "Pleural Other": 0.0909090909090909,
        "Fracture": 0.0,
        "Support Devices": 0.8358208955223881
    },
    "F1_subset_mean": 0.7081501333038327,
    "Youden_per_class": {
        "No Finding": 0.49823165340406717,
        "Enlarged Cardiomediastinum": 0.0441102756892231,
        "Cardiomegaly": 0.4509271822704659,
        "Lung Opacity": 0.0,
        "Lung Lesion": 0.4723618090452262,
        "Edema": 0.7402049427365882,
        "Consolidation": 0.6919642857142856,
        "Pneumonia": 0.4375,
        "Atelectasis": 0.52,
        "Pneumothorax": 0.5,
        "Pleural Effusion": 0.6672794117647058,
        "Pleural Other": 0.8994974874371859,
        "Fracture": -1.0,
        "Support Devices": 0.6702670267026702
    },
    "Youden-index_subset_mean": 0.6140751644972091,
    "Accuracy_per_class": {
        "No Finding": 0.905,
        "Enlarged Cardiomediastinum": 0.545,
        "Cardiomegaly": 0.73,
        "Lung Opacity": 0.58,
        "Lung Lesion": 0.475,
        "Edema": 0.85,
        "Consolidation": 0.89,
        "Pneumonia": 0.69,
        "Atelectasis": 0.74,
        "Pneumothorax": 0.985,
        "Pleural Effusion": 0.875,
        "Pleural Other": 0.9,
        "Fracture": 0.0,
        "Support Devices": 0.835
    },
    "Accuracy_subset_mean": 0.817
}