{
    "AUROC": {
        "No Finding": 0.6803837089409339,
        "Enlarged Cardiomediastinum": 0.5,
        "Cardiomegaly": 0.8244653598740014,
        "Lung Opacity": 0.5,
        "Lung Lesion": 0.6120426829268293,
        "Edema": 0.8423411107060396,
        "Consolidation": 0.7958488908412036,
        "Pneumonia": 0.5454545454545454,
        "Atelectasis": 0.77301237497881,
        "Pneumothorax": 0.5401674587010636,
        "Pleural Effusion": 0.9028627622377623,
        "Pleural Other": 0.5,
        "Fracture": 0.5,
        "Support Devices": 0.8901232786675004
    },
    "AUROC_subset_mean": 0.8277060997275634,
    "F1_per_class": {
        "No Finding": 0.18666666666666668,
        "Enlarged Cardiomediastinum": 0.0,
        "Cardiomegaly": 0.6702127659574468,
        "Lung Opacity": 0.0,
        "Lung Lesion": 0.03864734299516909,
        "Edema": 0.5497630331753554,
        "Consolidation": 0.31746031746031744,
        "Pneumonia": 0.0,
        "Atelectasis": 0.5510835913312694,
        "Pneumothorax": 0.1818181818181818,
        "Pleural Effusion": 0.6555183946488294,
        "Pleural Other": 0.0,
        "Fracture": 0.0,
        "Support Devices": 0.7649769585253458
    },
    "F1_subset_mean": 0.5488076205146437,
    "Youden_per_class": {
        "No Finding": 0.09920459566946516,
        "Enlarged Cardiomediastinum": 0.0,
        "Cardiomegaly": 0.5507694643162111,
        "Lung Opacity": 0.0,
        "Lung Lesion": 0.10365853658536572,
        "Edema": 0.5658646251063313,
        "Consolidation": 0.5261732191229227,
        "Pneumonia": 0.0,
        "Atelectasis": 0.3482699515925487,
        "Pneumothorax": 0.10907445123331061,
        "Pleural Effusion": 0.6973581973581973,
        "Pleural Other": 0.0,
        "Fracture": 0.0,
        "Support Devices": 0.6067266227416277
    },
    "Youden-index_subset_mean": 0.5376870914992422,
    "Accuracy_per_class": {
        "No Finding": 0.878,
        "Enlarged Cardiomediastinum": 0.494,
        "Cardiomegaly": 0.752,
        "Lung Opacity": 0.472,
        "Lung Lesion": 0.602,
        "Edema": 0.81,
        "Consolidation": 0.828,
        "Pneumonia": 0.978,
        "Atelectasis": 0.71,
        "Pneumothorax": 0.982,
        "Pleural Effusion": 0.794,
        "Pleural Other": 0.992,
        "Fracture": 0.99,
        "Support Devices": 0.796
    },
    "Accuracy_subset_mean": 0.7788
}