{
    "accuracy": 0.7067857384681702,
    "youden_index": {
        "No Finding": 0.5888594388961792,
        "Enlarged Cardiomediastinum": 0.011528849601745605,
        "Cardiomegaly": 0.3251922130584717,
        "Lung Opacity": 0.0,
        "Lung Lesion": 0.39698493480682373,
        "Edema": 0.606992244720459,
        "Consolidation": 0.5416667461395264,
        "Pneumonia": 0.203125,
        "Atelectasis": 0.41600000858306885,
        "Pneumothorax": 0.15635740756988525,
        "Pleural Effusion": 0.6470588445663452,
        "Pleural Other": 0.9698492288589478,
        "Fracture": -1.0,
        "Support Devices": 0.6003600358963013
    },
    "f1_score": {
        "No Finding": 0.5806451612903226,
        "Enlarged Cardiomediastinum": 0.6887417218543047,
        "Cardiomegaly": 0.5777777777777777,
        "Lung Opacity": 0.7341772151898733,
        "Lung Lesion": 0.01639344262295082,
        "Edema": 0.6296296296296297,
        "Consolidation": 0.6060606060606061,
        "Pneumonia": 0.2105263157894737,
        "Atelectasis": 0.6415094339622641,
        "Pneumothorax": 0.2222222222222222,
        "Pleural Effusion": 0.7619047619047619,
        "Pleural Other": 0.25,
        "Fracture": 0.0,
        "Support Devices": 0.801980198019802
    },
    "average_youden_index": 0.5073820352554321,
    "average_f1_score": 0.6433764418670078
}