{
    "Atelectasis": 0.5086849927902222,
    "Cardiomegaly": 0.543587327003479,
    "Consolidation": 0.45273616909980774,
    "Edema": 0.5086566209793091,
    "Pleural Effusion": 0.43191272020339966
}