{
    "Atelectasis": 0.49432188272476196,
    "Cardiomegaly": 0.47898203134536743,
    "Consolidation": 0.4158765375614166,
    "Edema": 0.48220375180244446,
    "Pleural Effusion": 0.3947579562664032
}