{
    "AUROC": {
        "No Finding": 0.9151193633952255,
        "Enlarged Cardiomediastinum": 0.6087218045112781,
        "Cardiomegaly": 0.775101763907734,
        "Lung Opacity": 0.3276888341543514,
        "Lung Lesion": 0.507537688442211,
        "Edema": 0.9026522001205546,
        "Consolidation": 0.9149925595238095,
        "Pneumonia": 0.7083333333333334,
        "Atelectasis": 0.8290133333333334,
        "Pneumothorax": 0.8737113402061856,
        "Pleural Effusion": 0.9114200367647058,
        "Pleural Other": 0.9195979899497487,
        "Fracture": NaN,
        "Support Devices": 0.9001900190019002
    },
    "AUROC_subset_mean": 0.8666359787300275,
    "F1_per_class": {
        "No Finding": 0.5862068965517242,
        "Enlarged Cardiomediastinum": 0.6885245901639345,
        "Cardiomegaly": 0.6141732283464568,
        "Lung Opacity": 0.7341772151898733,
        "Lung Lesion": 0.02,
        "Edema": 0.7083333333333334,
        "Consolidation": 0.6478873239436619,
        "Pneumonia": 0.16666666666666666,
        "Atelectasis": 0.6934673366834171,
        "Pneumothorax": 0.6666666666666666,
        "Pleural Effusion": 0.7899159663865547,
        "Pleural Other": 0.03773584905660378,
        "Fracture": 0.0,
        "Support Devices": 0.8342245989304813
    },
    "F1_subset_mean": 0.6907554377386849,
    "Youden_per_class": {
        "No Finding": 0.5676392572944298,
        "Enlarged Cardiomediastinum": 0.0,
        "Cardiomegaly": 0.4267299864314791,
        "Lung Opacity": 0.0,
        "Lung Lesion": 0.5075376884422109,
        "Edema": 0.6829415310427969,
        "Consolidation": 0.6235119047619047,
        "Pneumonia": 0.4479166666666665,
        "Atelectasis": 0.48,
        "Pneumothorax": 0.5,
        "Pleural Effusion": 0.6755514705882353,
        "Pleural Other": 0.7437185929648242,
        "Fracture": 0.0,
        "Support Devices": 0.688868886888689
    },
    "Youden-index_subset_mean": 0.5777469785648831,
    "Accuracy_per_class": {
        "No Finding": 0.88,
        "Enlarged Cardiomediastinum": 0.525,
        "Cardiomegaly": 0.755,
        "Lung Opacity": 0.58,
        "Lung Lesion": 0.51,
        "Edema": 0.86,
        "Consolidation": 0.875,
        "Pneumonia": 0.7,
        "Atelectasis": 0.695,
        "Pneumothorax": 0.985,
        "Pleural Effusion": 0.875,
        "Pleural Other": 0.745,
        "Fracture": 1.0,
        "Support Devices": 0.845
    },
    "Accuracy_subset_mean": 0.812
}