{
    "Atelectasis": 0.4860188961029053,
    "Cardiomegaly": 0.5114709138870239,
    "Consolidation": 0.44073694944381714,
    "Edema": 0.49160751700401306,
    "Pleural Effusion": 0.4138810336589813
}