{
    "Atelectasis": 0.48374271392822266,
    "Cardiomegaly": 0.5347591042518616,
    "Consolidation": 0.44874536991119385,
    "Edema": 0.4768153727054596,
    "Pleural Effusion": 0.4364073574542999
}