{
    "Atelectasis": 0.47851312160491943,
    "Cardiomegaly": 0.5338146686553955,
    "Consolidation": 0.43157270550727844,
    "Edema": 0.46673858165740967,
    "Pleural Effusion": 0.4369357228279114
}