{
    "Atelectasis": 0.4485235810279846,
    "Cardiomegaly": 0.23266172409057617,
    "Consolidation": 0.2891893982887268,
    "Edema": 0.19799411296844482,
    "Pleural Effusion": 0.17764388024806976
}