{
    "AUROC": {
        "No Finding": 0.9162245800176835,
        "Enlarged Cardiomediastinum": 0.6020050125313284,
        "Cardiomegaly": 0.7649253731343284,
        "Lung Opacity": 0.3997331691297209,
        "Lung Lesion": 0.4723618090452262,
        "Edema": 0.892706449668475,
        "Consolidation": 0.9027157738095238,
        "Pneumonia": 0.7272135416666667,
        "Atelectasis": 0.8337066666666666,
        "Pneumothorax": 0.8676975945017181,
        "Pleural Effusion": 0.9156709558823529,
        "Pleural Other": 0.9547738693467337,
        "Fracture": NaN,
        "Support Devices": 0.887988798879888
    },
    "AUROC_subset_mean": 0.8619450438322694,
    "F1_per_class": {
        "No Finding": 0.6111111111111112,
        "Enlarged Cardiomediastinum": 0.688963210702341,
        "Cardiomegaly": 0.6268656716417911,
        "Lung Opacity": 0.7341772151898733,
        "Lung Lesion": 0.017699115044247787,
        "Edema": 0.6875000000000001,
        "Consolidation": 0.6478873239436619,
        "Pneumonia": 0.15384615384615383,
        "Atelectasis": 0.7065868263473053,
        "Pneumothorax": 0.6,
        "Pleural Effusion": 0.78125,
        "Pleural Other": 0.125,
        "Fracture": 0.0,
        "Support Devices": 0.8342245989304813
    },
    "F1_subset_mean": 0.6900179643865517,
    "Youden_per_class": {
        "No Finding": 0.7082228116710874,
        "Enlarged Cardiomediastinum": 0.023057644110275666,
        "Cardiomegaly": 0.4423337856173677,
        "Lung Opacity": 0.0,
        "Lung Lesion": 0.44221105527638205,
        "Edema": 0.6528028933092225,
        "Consolidation": 0.6235119047619047,
        "Pneumonia": 0.4166666666666665,
        "Atelectasis": 0.5226666666666666,
        "Pneumothorax": 0.4948453608247423,
        "Pleural Effusion": 0.6783088235294117,
        "Pleural Other": 0.9296482412060301,
        "Fracture": 0.0,
        "Support Devices": 0.688868886888689
    },
    "Youden-index_subset_mean": 0.5839248147769147,
    "Accuracy_per_class": {
        "No Finding": 0.86,
        "Enlarged Cardiomediastinum": 0.535,
        "Cardiomegaly": 0.75,
        "Lung Opacity": 0.58,
        "Lung Lesion": 0.445,
        "Edema": 0.85,
        "Consolidation": 0.875,
        "Pneumonia": 0.67,
        "Atelectasis": 0.755,
        "Pneumothorax": 0.98,
        "Pleural Effusion": 0.86,
        "Pleural Other": 0.93,
        "Fracture": 1.0,
        "Support Devices": 0.845
    },
    "Accuracy_subset_mean": 0.818
}