{
    "AUROC": {
        "No Finding": 0.877046866177301,
        "Enlarged Cardiomediastinum": 0.7237310548265691,
        "Cardiomegaly": 0.8733542319749217,
        "Lung Opacity": 0.37154711213014524,
        "Lung Lesion": 0.7220052083333334,
        "Edema": 0.907822041291073,
        "Consolidation": 0.9383362420011635,
        "Pneumonia": 0.46464646464646464,
        "Atelectasis": 0.8567073170731707,
        "Pneumothorax": 0.8585858585858586,
        "Pleural Effusion": 0.9384844967667054,
        "Pleural Other": 0.9872448979591836,
        "Fracture": 0.7495769881556683,
        "Support Devices": 0.9601641477329597
    },
    "AUROC_subset_mean": 0.902940865821407,
    "F1_per_class": {
        "No Finding": 0.6515151515151515,
        "Enlarged Cardiomediastinum": 0.6062717770034843,
        "Cardiomegaly": 0.6865671641791045,
        "Lung Opacity": 0.5239852398523985,
        "Lung Lesion": 0.16666666666666666,
        "Edema": 0.5454545454545454,
        "Consolidation": 0.43478260869565216,
        "Pneumonia": 0.030303030303030304,
        "Atelectasis": 0.5,
        "Pneumothorax": 0.0,
        "Pleural Effusion": 0.6666666666666666,
        "Pleural Other": 0.08080808080808081,
        "Fracture": 0.0,
        "Support Devices": 0.8817204301075268
    },
    "F1_subset_mean": 0.5666941969991937,
    "Youden_per_class": {
        "No Finding": 0.6555618294748728,
        "Enlarged Cardiomediastinum": 0.0,
        "Cardiomegaly": 0.6087774294670845,
        "Lung Opacity": 0.0,
        "Lung Lesion": 0.4479166666666665,
        "Edema": 0.6734515847630125,
        "Consolidation": 0.508435136707388,
        "Pneumonia": 0.18181818181818166,
        "Atelectasis": 0.5040650406504066,
        "Pneumothorax": -0.005050505050505083,
        "Pleural Effusion": 0.6401923395788427,
        "Pleural Other": 0.5357142857142856,
        "Fracture": 0.0,
        "Support Devices": 0.7773996596937245
    },
    "Youden-index_subset_mean": 0.5869843062333469,
    "Accuracy_per_class": {
        "No Finding": 0.77,
        "Enlarged Cardiomediastinum": 0.435,
        "Cardiomegaly": 0.79,
        "Lung Opacity": 0.355,
        "Lung Lesion": 0.7,
        "Edema": 0.875,
        "Consolidation": 0.935,
        "Pneumonia": 0.68,
        "Atelectasis": 0.7,
        "Pneumothorax": 0.985,
        "Pleural Effusion": 0.86,
        "Pleural Other": 0.545,
        "Fracture": 0.985,
        "Support Devices": 0.89
    },
    "Accuracy_subset_mean": 0.8320000000000001
}