{
    "AUROC": {
        "No Finding": 0.9131299734748011,
        "Enlarged Cardiomediastinum": 0.5507769423558898,
        "Cardiomegaly": 0.7521483491632746,
        "Lung Opacity": 0.5,
        "Lung Lesion": 0.8542713567839196,
        "Edema": 0.9066455696202531,
        "Consolidation": 0.8990885416666667,
        "Pneumonia": 0.6572265625,
        "Atelectasis": 0.8194666666666666,
        "Pneumothorax": 0.8273195876288661,
        "Pleural Effusion": 0.9009076286764706,
        "Pleural Other": 0.9924623115577889,
        "Fracture": NaN,
        "Support Devices": 0.8736873687368736
    },
    "AUROC_subset_mean": 0.8556513511586662,
    "F1_per_class": {
        "No Finding": 0.5866666666666667,
        "Enlarged Cardiomediastinum": 0.6971830985915493,
        "Cardiomegaly": 0.6293706293706293,
        "Lung Opacity": 0.7341772151898733,
        "Lung Lesion": 0.03333333333333333,
        "Edema": 0.7126436781609196,
        "Consolidation": 0.6923076923076924,
        "Pneumonia": 0.23529411764705882,
        "Atelectasis": 0.7142857142857143,
        "Pneumothorax": 0.6,
        "Pleural Effusion": 0.823529411764706,
        "Pleural Other": 0.4,
        "Fracture": 0.0,
        "Support Devices": 0.823529411764706
    },
    "F1_subset_mean": 0.7144274251779323,
    "Youden_per_class": {
        "No Finding": 0.6909814323607426,
        "Enlarged Cardiomediastinum": 0.10075187969924815,
        "Cardiomegaly": 0.4430122116689281,
        "Lung Opacity": 0.0,
        "Lung Lesion": 0.708542713567839,
        "Edema": 0.6494876431585292,
        "Consolidation": 0.7306547619047619,
        "Pneumonia": 0.21354166666666652,
        "Atelectasis": 0.5413333333333332,
        "Pneumothorax": 0.4948453608247423,
        "Pleural Effusion": 0.7573529411764706,
        "Pleural Other": 0.9849246231155779,
        "Fracture": -1.0,
        "Support Devices": 0.6405640564056405
    },
    "Youden-index_subset_mean": 0.6243681782484046,
    "Accuracy_per_class": {
        "No Finding": 0.845,
        "Enlarged Cardiomediastinum": 0.57,
        "Cardiomegaly": 0.735,
        "Lung Opacity": 0.58,
        "Lung Lesion": 0.71,
        "Edema": 0.875,
        "Consolidation": 0.88,
        "Pneumonia": 0.935,
        "Atelectasis": 0.78,
        "Pneumothorax": 0.98,
        "Pleural Effusion": 0.88,
        "Pleural Other": 0.985,
        "Fracture": 0.0,
        "Support Devices": 0.82
    },
    "Accuracy_subset_mean": 0.8300000000000001,
    "Best a": 0.05,
    "Best b": 0.31
}