{
    "AUROC": {
        "No Finding": 0.8943412908930151,
        "Enlarged Cardiomediastinum": 0.6164411027568922,
        "Cardiomegaly": 0.7766847580280416,
        "Lung Opacity": 0.3037766830870279,
        "Lung Lesion": 0.5979899497487438,
        "Edema": 0.9061181434599157,
        "Consolidation": 0.9127604166666667,
        "Pneumonia": 0.6920572916666666,
        "Atelectasis": 0.8229333333333333,
        "Pneumothorax": 0.8694158075601375,
        "Pleural Effusion": 0.9078584558823529,
        "Pleural Other": 0.914572864321608,
        "Fracture": NaN,
        "Support Devices": 0.8905890589058906
    },
    "AUROC_subset_mean": 0.8652710214740621,
    "F1_per_class": {
        "No Finding": 0.5555555555555556,
        "Enlarged Cardiomediastinum": 0.6885245901639345,
        "Cardiomegaly": 0.6119402985074627,
        "Lung Opacity": 0.7341772151898733,
        "Lung Lesion": 0.024096385542168676,
        "Edema": 0.7326732673267327,
        "Consolidation": 0.6666666666666667,
        "Pneumonia": 0.11538461538461538,
        "Atelectasis": 0.6965174129353234,
        "Pneumothorax": 0.6666666666666666,
        "Pleural Effusion": 0.7796610169491525,
        "Pleural Other": 0.028169014084507043,
        "Fracture": 0.0,
        "Support Devices": 0.8292682926829269
    },
    "F1_subset_mean": 0.6974917324770675,
    "Youden_per_class": {
        "No Finding": 0.7374005305039788,
        "Enlarged Cardiomediastinum": 0.0,
        "Cardiomegaly": 0.41971958389868824,
        "Lung Opacity": 0.0,
        "Lung Lesion": 0.5929648241206031,
        "Edema": 0.7417118746232672,
        "Consolidation": 0.6354166666666665,
        "Pneumonia": 0.16145833333333348,
        "Atelectasis": 0.4853333333333334,
        "Pneumothorax": 0.5,
        "Pleural Effusion": 0.6599264705882353,
        "Pleural Other": 0.6532663316582914,
        "Fracture": 0.0,
        "Support Devices": 0.6506650665066507
    },
    "Youden-index_subset_mean": 0.5884215858220381,
    "Accuracy_per_class": {
        "No Finding": 0.8,
        "Enlarged Cardiomediastinum": 0.525,
        "Cardiomegaly": 0.74,
        "Lung Opacity": 0.58,
        "Lung Lesion": 0.595,
        "Edema": 0.865,
        "Consolidation": 0.885,
        "Pneumonia": 0.77,
        "Atelectasis": 0.695,
        "Pneumothorax": 0.985,
        "Pleural Effusion": 0.87,
        "Pleural Other": 0.655,
        "Fracture": 1.0,
        "Support Devices": 0.825
    },
    "Accuracy_subset_mean": 0.8110000000000002
}