{
    "Atelectasis": 0.3705514073371887,
    "Cardiomegaly": 0.413683146238327,
    "Consolidation": 0.3282304108142853,
    "Edema": 0.3618059754371643,
    "Pleural Effusion": 0.29406362771987915
}