{
    "Atelectasis": 0.6425502300262451,
    "Cardiomegaly": 0.286673367023468,
    "Consolidation": 0.32218626141548157,
    "Edema": 0.2570430636405945,
    "Pleural Effusion": 0.240886852145195
}