{
    "Atelectasis": 0.21452116966247559,
    "Cardiomegaly": 0.1767975240945816,
    "Consolidation": 0.20272231101989746,
    "Edema": 0.2368655800819397,
    "Pleural Effusion": 0.1583031564950943
}