{
    "Atelectasis": 0.1822492629289627,
    "Cardiomegaly": 0.16644631326198578,
    "Consolidation": 0.18380926549434662,
    "Edema": 0.18714416027069092,
    "Pleural Effusion": 0.14025090634822845
}