{
    "Atelectasis": 0.4187900424003601,
    "Cardiomegaly": 0.18431806564331055,
    "Consolidation": 0.2240094542503357,
    "Edema": 0.20840534567832947,
    "Pleural Effusion": 0.19208000600337982
}