{
    "Atelectasis": 0.21509744226932526,
    "Cardiomegaly": 0.17732779681682587,
    "Consolidation": 0.20330357551574707,
    "Edema": 0.2373851090669632,
    "Pleural Effusion": 0.15866225957870483
}