{
    "AUROC": {
        "No Finding": 0.9091511936339522,
        "Enlarged Cardiomediastinum": 0.6093233082706766,
        "Cardiomegaly": 0.7793984622342832,
        "Lung Opacity": 0.3442118226600985,
        "Lung Lesion": 0.4773869346733668,
        "Edema": 0.9037070524412296,
        "Consolidation": 0.9164806547619048,
        "Pneumonia": 0.7109375,
        "Atelectasis": 0.8308266666666667,
        "Pneumothorax": 0.8737113402061856,
        "Pleural Effusion": 0.9147518382352942,
        "Pleural Other": 0.9296482412060302,
        "Fracture": NaN,
        "Support Devices": 0.8947894789478948
    },
    "AUROC_subset_mean": 0.8690329348678757,
    "F1_per_class": {
        "No Finding": 0.5714285714285714,
        "Enlarged Cardiomediastinum": 0.6936026936026936,
        "Cardiomegaly": 0.6376811594202899,
        "Lung Opacity": 0.7341772151898733,
        "Lung Lesion": 0.013605442176870748,
        "Edema": 0.7238095238095238,
        "Consolidation": 0.7142857142857143,
        "Pneumonia": 0.17391304347826086,
        "Atelectasis": 0.711864406779661,
        "Pneumothorax": 0.6666666666666666,
        "Pleural Effusion": 0.7863247863247864,
        "Pleural Other": 0.125,
        "Fracture": 0.0,
        "Support Devices": 0.8093023255813953
    },
    "F1_subset_mean": 0.714793118123995,
    "Youden_per_class": {
        "No Finding": 0.6312997347480107,
        "Enlarged Cardiomediastinum": 0.0441102756892231,
        "Cardiomegaly": 0.45771144278606957,
        "Lung Opacity": 0.0,
        "Lung Lesion": 0.27135678391959805,
        "Edema": 0.7465340566606389,
        "Consolidation": 0.7038690476190477,
        "Pneumonia": 0.4635416666666665,
        "Atelectasis": 0.528,
        "Pneumothorax": 0.5,
        "Pleural Effusion": 0.6672794117647058,
        "Pleural Other": 0.9296482412060301,
        "Fracture": -1.0,
        "Support Devices": 0.5916591659165915
    },
    "Youden-index_subset_mean": 0.6206787917660923,
    "Accuracy_per_class": {
        "No Finding": 0.85,
        "Enlarged Cardiomediastinum": 0.545,
        "Cardiomegaly": 0.75,
        "Lung Opacity": 0.58,
        "Lung Lesion": 0.275,
        "Edema": 0.855,
        "Consolidation": 0.9,
        "Pneumonia": 0.715,
        "Atelectasis": 0.745,
        "Pneumothorax": 0.985,
        "Pleural Effusion": 0.875,
        "Pleural Other": 0.93,
        "Fracture": 0.0,
        "Support Devices": 0.795
    },
    "Accuracy_subset_mean": 0.825
}