{
    "Atelectasis": 0.6702374219894409,
    "Cardiomegaly": 0.30087676644325256,
    "Consolidation": 0.33557620644569397,
    "Edema": 0.2692183256149292,
    "Pleural Effusion": 0.2485494315624237
}