{
    "Atelectasis": 0.5290047526359558,
    "Cardiomegaly": 0.20898641645908356,
    "Consolidation": 0.2892773747444153,
    "Edema": 0.23295417428016663,
    "Pleural Effusion": 0.2007812112569809
}