{
    "Atelectasis": 0.6318409442901611,
    "Cardiomegaly": 0.25946447253227234,
    "Consolidation": 0.359596312046051,
    "Edema": 0.262582927942276,
    "Pleural Effusion": 0.30149808526039124
}