{
    "AUROC": {
        "No Finding": 0.9115826702033599,
        "Enlarged Cardiomediastinum": 0.6022055137844612,
        "Cardiomegaly": 0.7758932609678878,
        "Lung Opacity": 0.34298029556650245,
        "Lung Lesion": 0.4723618090452262,
        "Edema": 0.9022001205545509,
        "Consolidation": 0.9168526785714286,
        "Pneumonia": 0.7063802083333334,
        "Atelectasis": 0.8301866666666667,
        "Pneumothorax": 0.8702749140893471,
        "Pleural Effusion": 0.9142922794117647,
        "Pleural Other": 0.9246231155778895,
        "Fracture": NaN,
        "Support Devices": 0.8925892589258926
    },
    "AUROC_subset_mean": 0.8678850012344597,
    "F1_per_class": {
        "No Finding": 0.576271186440678,
        "Enlarged Cardiomediastinum": 0.6936026936026936,
        "Cardiomegaly": 0.6153846153846154,
        "Lung Opacity": 0.7341772151898733,
        "Lung Lesion": 0.018518518518518517,
        "Edema": 0.7102803738317757,
        "Consolidation": 0.6944444444444444,
        "Pneumonia": 0.16,
        "Atelectasis": 0.6923076923076923,
        "Pneumothorax": 0.6666666666666666,
        "Pleural Effusion": 0.7863247863247864,
        "Pleural Other": 0.03389830508474576,
        "Fracture": 0.0,
        "Support Devices": 0.8333333333333333
    },
    "F1_subset_mean": 0.6997483824586629,
    "Youden_per_class": {
        "No Finding": 0.5618921308576481,
        "Enlarged Cardiomediastinum": 0.0441102756892231,
        "Cardiomegaly": 0.40728177295341483,
        "Lung Opacity": 0.0,
        "Lung Lesion": 0.46733668341708556,
        "Edema": 0.7338758288125375,
        "Consolidation": 0.6919642857142856,
        "Pneumonia": 0.4322916666666665,
        "Atelectasis": 0.488,
        "Pneumothorax": 0.5,
        "Pleural Effusion": 0.6672794117647058,
        "Pleural Other": 0.7135678391959799,
        "Fracture": -1.0,
        "Support Devices": 0.6605660566056606
    },
    "Youden-index_subset_mean": 0.5976802598489888,
    "Accuracy_per_class": {
        "No Finding": 0.875,
        "Enlarged Cardiomediastinum": 0.545,
        "Cardiomegaly": 0.675,
        "Lung Opacity": 0.58,
        "Lung Lesion": 0.47,
        "Edema": 0.845,
        "Consolidation": 0.89,
        "Pneumonia": 0.685,
        "Atelectasis": 0.72,
        "Pneumothorax": 0.985,
        "Pleural Effusion": 0.875,
        "Pleural Other": 0.715,
        "Fracture": 0.0,
        "Support Devices": 0.83
    },
    "Accuracy_subset_mean": 0.8009999999999999
}