{
    "Atelectasis": 0.6102119088172913,
    "Cardiomegaly": 0.609031617641449,
    "Consolidation": 0.6185855865478516,
    "Edema": 0.5841198563575745,
    "Pleaural Effusion": 0.6256808042526245
}