{
    "Atelectasis": 0.5858876705169678,
    "Cardiomegaly": 0.579620361328125,
    "Consolidation": 0.5799547433853149,
    "Edema": 0.5845221877098083,
    "Pleaural Effusion": 0.544531524181366
}