{
    "Atelectasis": 0.4184523820877075,
    "Cardiomegaly": 0.29310280084609985,
    "Consolidation": 0.3279764652252197,
    "Edema": 0.39363470673561096,
    "Pleaural Effusion": 0.3750479221343994
}