{
    "Atelectasis": 0.6224091649055481,
    "Cardiomegaly": 0.5367323160171509,
    "Consolidation": 0.5493929386138916,
    "Edema": 0.5801526308059692,
    "Pleaural Effusion": 0.5778689980506897
}