{
    "Atelectasis": 0.7000647783279419,
    "Cardiomegaly": 0.5904072523117065,
    "Consolidation": 0.6702010035514832,
    "Edema": 0.6950967311859131,
    "Pleural Effusion": 0.6806516647338867
}