{
    "Atelectasis": 0.4929613173007965,
    "Cardiomegaly": 0.5520077347755432,
    "Consolidation": 0.4593586325645447,
    "Edema": 0.4912301301956177,
    "Pleural Effusion": 0.47985345125198364
}