{
    "Atelectasis": 0.4853454828262329,
    "Cardiomegaly": 0.5237625241279602,
    "Consolidation": 0.4558482766151428,
    "Edema": 0.4732217490673065,
    "Pleural Effusion": 0.45270487666130066
}