{
    "Atelectasis": 0.5087881088256836,
    "Cardiomegaly": 0.5256551504135132,
    "Consolidation": 0.463154137134552,
    "Edema": 0.494686096906662,
    "Pleural Effusion": 0.45900973677635193
}