{
    "Atelectasis": 0.2154371738433838,
    "Cardiomegaly": 0.21448419988155365,
    "Consolidation": 0.2236729860305786,
    "Edema": 0.19727590680122375,
    "Pleural Effusion": 0.15684600174427032
}