{
    "AUROC": {
        "No Finding": 0.9079393135955223,
        "Enlarged Cardiomediastinum": 0.649741562785041,
        "Cardiomegaly": 0.8746276020417845,
        "Lung Opacity": 0.3372977657935285,
        "Lung Lesion": 0.5746951219512195,
        "Edema": 0.8775367602381821,
        "Consolidation": 0.8551138443517096,
        "Pneumonia": 0.6291132180702732,
        "Atelectasis": 0.8018119831986589,
        "Pneumothorax": 0.8676171079429734,
        "Pleural Effusion": 0.9357760295260295,
        "Pleural Other": 0.9924395161290323,
        "Fracture": 0.7866666666666666,
        "Support Devices": 0.9313070103720804
    },
    "AUROC_subset_mean": 0.868973243871273,
    "F1_per_class": {
        "No Finding": 0.0,
        "Enlarged Cardiomediastinum": 0.652439024390244,
        "Cardiomegaly": 0.6136363636363636,
        "Lung Opacity": 0.6910994764397906,
        "Lung Lesion": 0.0,
        "Edema": 0.459016393442623,
        "Consolidation": 0.23255813953488377,
        "Pneumonia": 0.08247422680412372,
        "Atelectasis": 0.31155778894472363,
        "Pneumothorax": 0.1818181818181818,
        "Pleural Effusion": 0.7419354838709676,
        "Pleural Other": 0.2666666666666667,
        "Fracture": 0.019801980198019802,
        "Support Devices": 0.6666666666666667
    },
    "F1_subset_mean": 0.47174083388591237,
    "Youden_per_class": {
        "No Finding": 0.0,
        "Enlarged Cardiomediastinum": 0.08066761613672369,
        "Cardiomegaly": 0.44473329664699524,
        "Lung Opacity": 0.0,
        "Lung Lesion": -0.07520325203252032,
        "Edema": 0.3210596670312311,
        "Consolidation": 0.1533055128486711,
        "Pneumonia": 0.1959472020821713,
        "Atelectasis": 0.15938671337891552,
        "Pneumothorax": 0.10907445123331061,
        "Pleural Effusion": 0.6306332556332555,
        "Pleural Other": 0.9556451612903225,
        "Fracture": 0.0,
        "Support Devices": 0.49319482518155144
    },
    "Youden-index_subset_mean": 0.3418236891078137,
    "Accuracy_per_class": {
        "No Finding": 0.876,
        "Enlarged Cardiomediastinum": 0.544,
        "Cardiomegaly": 0.796,
        "Lung Opacity": 0.528,
        "Lung Lesion": 0.91,
        "Edema": 0.868,
        "Consolidation": 0.934,
        "Pneumonia": 0.822,
        "Atelectasis": 0.726,
        "Pneumothorax": 0.982,
        "Pleural Effusion": 0.904,
        "Pleural Other": 0.956,
        "Fracture": 0.01,
        "Support Devices": 0.736
    },
    "Accuracy_subset_mean": 0.8455999999999999
}