{
    "Atelectasis": 0.3626881539821625,
    "Cardiomegaly": 0.1736573874950409,
    "Consolidation": 0.2195727378129959,
    "Edema": 0.18968001008033752,
    "Pleural Effusion": 0.20628760755062103
}