{
    "Atelectasis": 0.41867393255233765,
    "Cardiomegaly": 0.222748264670372,
    "Consolidation": 0.2828619182109833,
    "Edema": 0.19870296120643616,
    "Pleural Effusion": 0.17382650077342987
}