{
    "Atelectasis": 0.5148916840553284,
    "Cardiomegaly": 0.5308326482772827,
    "Consolidation": 0.465657502412796,
    "Edema": 0.4987436532974243,
    "Pleural Effusion": 0.46468713879585266
}