{
    "AUROC": {
        "No Finding": 0.9091511936339522,
        "Enlarged Cardiomediastinum": 0.6093233082706766,
        "Cardiomegaly": 0.7712573496155586,
        "Lung Opacity": 0.3442118226600985,
        "Lung Lesion": 0.4773869346733668,
        "Edema": 0.8960216998191681,
        "Consolidation": 0.9069940476190477,
        "Pneumonia": 0.7109375,
        "Atelectasis": 0.8241066666666667,
        "Pneumothorax": 0.8737113402061856,
        "Pleural Effusion": 0.9173943014705882,
        "Pleural Other": 0.9296482412060302,
        "Fracture": NaN,
        "Support Devices": 0.8947894789478948
    },
    "AUROC_subset_mean": 0.8631548130382057,
    "F1_per_class": {
        "No Finding": 0.5633802816901408,
        "Enlarged Cardiomediastinum": 0.6885245901639345,
        "Cardiomegaly": 0.5984251968503937,
        "Lung Opacity": 0.7341772151898733,
        "Lung Lesion": 0.017699115044247787,
        "Edema": 0.6551724137931034,
        "Consolidation": 0.6944444444444444,
        "Pneumonia": 0.07692307692307693,
        "Atelectasis": 0.6849315068493151,
        "Pneumothorax": 0.5,
        "Pleural Effusion": 0.75,
        "Pleural Other": 0.009950248756218907,
        "Fracture": 0.0,
        "Support Devices": 0.8247422680412371
    },
    "F1_subset_mean": 0.6765947123874513,
    "Youden_per_class": {
        "No Finding": 0.625552608311229,
        "Enlarged Cardiomediastinum": 0.0,
        "Cardiomegaly": 0.40411578471279963,
        "Lung Opacity": 0.0,
        "Lung Lesion": 0.44221105527638205,
        "Edema": 0.676913803496082,
        "Consolidation": 0.6919642857142856,
        "Pneumonia": 0.0,
        "Atelectasis": 0.4986666666666666,
        "Pneumothorax": 0.48453608247422686,
        "Pleural Effusion": 0.6222426470588234,
        "Pleural Other": 0.0,
        "Fracture": -1.0,
        "Support Devices": 0.6595659565956595
    },
    "Youden-index_subset_mean": 0.5787806375297315,
    "Accuracy_per_class": {
        "No Finding": 0.845,
        "Enlarged Cardiomediastinum": 0.525,
        "Cardiomegaly": 0.745,
        "Lung Opacity": 0.58,
        "Lung Lesion": 0.445,
        "Edema": 0.8,
        "Consolidation": 0.89,
        "Pneumonia": 0.04,
        "Atelectasis": 0.77,
        "Pneumothorax": 0.97,
        "Pleural Effusion": 0.85,
        "Pleural Other": 0.005,
        "Fracture": 0.0,
        "Support Devices": 0.83
    },
    "Accuracy_subset_mean": 0.8109999999999999,
    "Best a": 0.68,
    "Best b": 0.01
}