{
    "AUROC": {
        "No Finding": 0.9091511936339522,
        "Enlarged Cardiomediastinum": 0.6093233082706766,
        "Cardiomegaly": 0.7795115332428765,
        "Lung Opacity": 0.3442118226600985,
        "Lung Lesion": 0.4773869346733668,
        "Edema": 0.9035563592525617,
        "Consolidation": 0.9161086309523809,
        "Pneumonia": 0.7109375,
        "Atelectasis": 0.8316800000000001,
        "Pneumothorax": 0.8737113402061856,
        "Pleural Effusion": 0.9147518382352942,
        "Pleural Other": 0.9296482412060302,
        "Fracture": NaN,
        "Support Devices": 0.8947894789478948
    },
    "AUROC_subset_mean": 0.8691216723366229,
    "F1_per_class": {
        "No Finding": 0.5348837209302326,
        "Enlarged Cardiomediastinum": 0.6936026936026936,
        "Cardiomegaly": 0.6344827586206897,
        "Lung Opacity": 0.7341772151898733,
        "Lung Lesion": 0.011976047904191616,
        "Edema": 0.7102803738317757,
        "Consolidation": 0.7142857142857143,
        "Pneumonia": 0.16666666666666666,
        "Atelectasis": 0.7045454545454546,
        "Pneumothorax": 0.6666666666666666,
        "Pleural Effusion": 0.7863247863247864,
        "Pleural Other": 0.07999999999999999,
        "Fracture": 0.0,
        "Support Devices": 0.7782426778242678
    },
    "F1_subset_mean": 0.7099838175216842,
    "Youden_per_class": {
        "No Finding": 0.671971706454465,
        "Enlarged Cardiomediastinum": 0.0441102756892231,
        "Cardiomegaly": 0.45070104025327895,
        "Lung Opacity": 0.0,
        "Lung Lesion": 0.170854271356784,
        "Edema": 0.7338758288125375,
        "Consolidation": 0.7038690476190477,
        "Pneumonia": 0.4479166666666665,
        "Atelectasis": 0.5146666666666666,
        "Pneumothorax": 0.5,
        "Pleural Effusion": 0.6672794117647058,
        "Pleural Other": 0.8844221105527639,
        "Fracture": -1.0,
        "Support Devices": 0.47404740474047413
    },
    "Youden-index_subset_mean": 0.6140783990232472,
    "Accuracy_per_class": {
        "No Finding": 0.8,
        "Enlarged Cardiomediastinum": 0.545,
        "Cardiomegaly": 0.735,
        "Lung Opacity": 0.58,
        "Lung Lesion": 0.175,
        "Edema": 0.845,
        "Consolidation": 0.9,
        "Pneumonia": 0.7,
        "Atelectasis": 0.74,
        "Pneumothorax": 0.985,
        "Pleural Effusion": 0.875,
        "Pleural Other": 0.885,
        "Fracture": 0.0,
        "Support Devices": 0.735
    },
    "Accuracy_subset_mean": 0.819
}