{
    "Atelectasis": 0.219308540225029,
    "Cardiomegaly": 0.19633038341999054,
    "Consolidation": 0.21721021831035614,
    "Edema": 0.21869228780269623,
    "Pleural Effusion": 0.16623066365718842
}