{
    "Atelectasis": 0.18844705820083618,
    "Cardiomegaly": 0.2089015543460846,
    "Consolidation": 0.22810696065425873,
    "Edema": 0.20582613348960876,
    "Pleural Effusion": 0.1544651836156845
}