{
    "Atelectasis": 0.4367009401321411,
    "Cardiomegaly": 0.4749875068664551,
    "Consolidation": 0.5964105129241943,
    "Edema": 0.5532011389732361,
    "Pleural Effusion": 0.6116305589675903
}