{
    "Atelectasis": 0.19493304193019867,
    "Cardiomegaly": 0.1787976622581482,
    "Consolidation": 0.19656136631965637,
    "Edema": 0.20080173015594482,
    "Pleural Effusion": 0.14954213798046112
}