{
    "Atelectasis": 0.2250203788280487,
    "Cardiomegaly": 0.18618041276931763,
    "Consolidation": 0.21317058801651,
    "Edema": 0.24815848469734192,
    "Pleural Effusion": 0.1654755175113678
}