{
    "Atelectasis": 0.6392109394073486,
    "Cardiomegaly": 0.2788757085800171,
    "Consolidation": 0.3425368368625641,
    "Edema": 0.25890427827835083,
    "Pleural Effusion": 0.2387724369764328
}