{
    "Atelectasis": 0.5576512813568115,
    "Cardiomegaly": 0.2242923229932785,
    "Consolidation": 0.274711549282074,
    "Edema": 0.23886147141456604,
    "Pleural Effusion": 0.2052609622478485
}