{
    "Atelectasis": 0.6183059215545654,
    "Cardiomegaly": 0.2626504600048065,
    "Consolidation": 0.3385360538959503,
    "Edema": 0.26600706577301025,
    "Pleural Effusion": 0.3022204637527466
}