{
    "AUROC": {
        "No Finding": 0.8943412908930151,
        "Enlarged Cardiomediastinum": 0.6155388471177945,
        "Cardiomegaly": 0.7839213025780191,
        "Lung Opacity": 0.319068144499179,
        "Lung Lesion": 0.5175879396984925,
        "Edema": 0.9064195298372513,
        "Consolidation": 0.9086681547619048,
        "Pneumonia": 0.6341145833333334,
        "Atelectasis": 0.8353066666666668,
        "Pneumothorax": 0.8651202749140894,
        "Pleural Effusion": 0.8933823529411764,
        "Pleural Other": 0.7135678391959799,
        "Fracture": NaN,
        "Support Devices": 0.8874887488748875
    },
    "AUROC_subset_mean": 0.8655396013570037,
    "F1_per_class": {
        "No Finding": 0.5205479452054794,
        "Enlarged Cardiomediastinum": 0.6885245901639345,
        "Cardiomegaly": 0.576,
        "Lung Opacity": 0.7341772151898733,
        "Lung Lesion": 0.0,
        "Edema": 0.6725663716814159,
        "Consolidation": 0.6933333333333334,
        "Pneumonia": 0.12048192771084337,
        "Atelectasis": 0.6934673366834171,
        "Pneumothorax": 0.6,
        "Pleural Effusion": 0.765625,
        "Pleural Other": 0.0111731843575419,
        "Fracture": 0.0,
        "Support Devices": 0.8275862068965517
    },
    "F1_subset_mean": 0.6801984083396333,
    "Youden_per_class": {
        "No Finding": 0.5698496905393458,
        "Enlarged Cardiomediastinum": 0.0,
        "Cardiomegaly": 0.37381275440976935,
        "Lung Opacity": 0.0,
        "Lung Lesion": -0.371859296482412,
        "Edema": 0.695901145268234,
        "Consolidation": 0.7113095238095237,
        "Pneumonia": 0.2604166666666665,
        "Atelectasis": 0.48,
        "Pneumothorax": 0.4948453608247423,
        "Pleural Effusion": 0.6553308823529411,
        "Pleural Other": 0.11055276381909551,
        "Fracture": 0.0,
        "Support Devices": 0.6504650465046504
    },
    "Youden-index_subset_mean": 0.5832708611680937,
    "Accuracy_per_class": {
        "No Finding": 0.825,
        "Enlarged Cardiomediastinum": 0.525,
        "Cardiomegaly": 0.735,
        "Lung Opacity": 0.58,
        "Lung Lesion": 0.625,
        "Edema": 0.815,
        "Consolidation": 0.885,
        "Pneumonia": 0.635,
        "Atelectasis": 0.695,
        "Pneumothorax": 0.98,
        "Pleural Effusion": 0.85,
        "Pleural Other": 0.115,
        "Fracture": 1.0,
        "Support Devices": 0.825
    },
    "Accuracy_subset_mean": 0.796
}