{
    "Atelectasis": 0.219813272356987,
    "Cardiomegaly": 0.1968667060136795,
    "Consolidation": 0.217766672372818,
    "Edema": 0.21918076276779175,
    "Pleural Effusion": 0.16659767925739288
}