{
    "Atelectasis": 0.18275213241577148,
    "Cardiomegaly": 0.16692078113555908,
    "Consolidation": 0.1843300610780716,
    "Edema": 0.18754780292510986,
    "Pleural Effusion": 0.14056146144866943
}