{
    "Atelectasis": 0.608346164226532,
    "Cardiomegaly": 0.28060606122016907,
    "Consolidation": 0.3408384919166565,
    "Edema": 0.2839621603488922,
    "Pleural Effusion": 0.3106502294540405
}