{
    "Atelectasis": 0.542397141456604,
    "Cardiomegaly": 0.19372448325157166,
    "Consolidation": 0.2518364191055298,
    "Edema": 0.23392291367053986,
    "Pleural Effusion": 0.19240863621234894
}