{
    "Atelectasis": 0.6083461046218872,
    "Cardiomegaly": 0.2806060314178467,
    "Consolidation": 0.3408384621143341,
    "Edema": 0.2839621305465698,
    "Pleural Effusion": 0.31065016984939575
}