{
    "AUROC": {
        "No Finding": 0.8826226248342908,
        "Enlarged Cardiomediastinum": 0.525331647757277,
        "Cardiomegaly": 0.8227575475815481,
        "Lung Opacity": 0.5,
        "Lung Lesion": 0.5720274390243902,
        "Edema": 0.8424930125167092,
        "Consolidation": 0.8044878834468117,
        "Pneumonia": 0.597508830637665,
        "Atelectasis": 0.7755551788438719,
        "Pneumothorax": 0.8523421588594705,
        "Pleural Effusion": 0.9050480769230771,
        "Pleural Other": 0.9768145161290323,
        "Fracture": 0.5,
        "Support Devices": 0.9121018291412174
    },
    "AUROC_subset_mean": 0.8300683398624036,
    "F1_per_class": {
        "No Finding": 0.5555555555555555,
        "Enlarged Cardiomediastinum": 0.6647646219686163,
        "Cardiomegaly": 0.6416040100250627,
        "Lung Opacity": 0.6910994764397906,
        "Lung Lesion": 0.025806451612903222,
        "Edema": 0.5560975609756098,
        "Consolidation": 0.30000000000000004,
        "Pneumonia": 0.0975609756097561,
        "Atelectasis": 0.6062322946175638,
        "Pneumothorax": 0.30769230769230765,
        "Pleural Effusion": 0.662020905923345,
        "Pleural Other": 0.25806451612903225,
        "Fracture": 0.019801980198019802,
        "Support Devices": 0.8449612403100775
    },
    "F1_subset_mean": 0.5531909543083162,
    "Youden_per_class": {
        "No Finding": 0.6512004713507142,
        "Enlarged Cardiomediastinum": 0.05050327247123576,
        "Cardiomegaly": 0.5038425776580202,
        "Lung Opacity": 0.0,
        "Lung Lesion": -0.04471544715447151,
        "Edema": 0.5648924535180457,
        "Consolidation": 0.533055128486712,
        "Pneumonia": 0.12455846811675042,
        "Atelectasis": 0.4313348778512365,
        "Pneumothorax": 0.21814890246662144,
        "Pleural Effusion": 0.6912393162393162,
        "Pleural Other": 0.9536290322580645,
        "Fracture": 0.0,
        "Support Devices": 0.6804373266644224
    },
    "Youden-index_subset_mean": 0.544872870750666,
    "Accuracy_per_class": {
        "No Finding": 0.84,
        "Enlarged Cardiomediastinum": 0.53,
        "Cardiomegaly": 0.714,
        "Lung Opacity": 0.528,
        "Lung Lesion": 0.698,
        "Edema": 0.818,
        "Consolidation": 0.804,
        "Pneumonia": 0.926,
        "Atelectasis": 0.722,
        "Pneumothorax": 0.982,
        "Pleural Effusion": 0.806,
        "Pleural Other": 0.954,
        "Fracture": 0.01,
        "Support Devices": 0.84
    },
    "Accuracy_subset_mean": 0.7728
}