{
    "Atelectasis": 0.18275584280490875,
    "Cardiomegaly": 0.16692452132701874,
    "Consolidation": 0.18433383107185364,
    "Edema": 0.187551349401474,
    "Pleural Effusion": 0.14056549966335297
}