{
    "Atelectasis": 0.39467424154281616,
    "Cardiomegaly": 0.1737893521785736,
    "Consolidation": 0.21117272973060608,
    "Edema": 0.19666537642478943,
    "Pleural Effusion": 0.1820579320192337
}