{
    "Atelectasis": 0.49818146228790283,
    "Cardiomegaly": 0.2872048616409302,
    "Consolidation": 0.35871127247810364,
    "Edema": 0.3355724513530731,
    "Pleural Effusion": 0.23876509070396423
}