{
    "Atelectasis": 0.5424037575721741,
    "Cardiomegaly": 0.19368784129619598,
    "Consolidation": 0.2518000900745392,
    "Edema": 0.23388537764549255,
    "Pleural Effusion": 0.19236966967582703
}