{
    "Atelectasis": 0.6082693338394165,
    "Cardiomegaly": 0.2805216908454895,
    "Consolidation": 0.3407606780529022,
    "Edema": 0.2838827669620514,
    "Pleural Effusion": 0.3105686902999878
}