{
    "Atelectasis": 0.4096572697162628,
    "Cardiomegaly": 0.18638867139816284,
    "Consolidation": 0.22503478825092316,
    "Edema": 0.21357370913028717,
    "Pleural Effusion": 0.19311349093914032
}