{
    "Atelectasis": 0.3613388240337372,
    "Cardiomegaly": 0.17291978001594543,
    "Consolidation": 0.21858525276184082,
    "Edema": 0.18884968757629395,
    "Pleural Effusion": 0.2055194228887558
}