{
    "Atelectasis": 0.6612362265586853,
    "Cardiomegaly": 0.28819549083709717,
    "Consolidation": 0.35333797335624695,
    "Edema": 0.2678877115249634,
    "Pleural Effusion": 0.24517248570919037
}