{
    "Atelectasis": 0.5750947594642639,
    "Cardiomegaly": 0.2255830019712448,
    "Consolidation": 0.279916375875473,
    "Edema": 0.24070404469966888,
    "Pleural Effusion": 0.2094230204820633
}