{
    "Atelectasis": 0.6325135231018066,
    "Cardiomegaly": 0.2642771303653717,
    "Consolidation": 0.3437090814113617,
    "Edema": 0.2703339457511902,
    "Pleural Effusion": 0.3033292591571808
}