{
    "Atelectasis": 0.6513671875,
    "Cardiomegaly": 0.2871091067790985,
    "Consolidation": 0.3567611277103424,
    "Edema": 0.2680527865886688,
    "Pleural Effusion": 0.24533015489578247
}