{
    "Atelectasis": 0.6485540866851807,
    "Cardiomegaly": 0.27405527234077454,
    "Consolidation": 0.353367418050766,
    "Edema": 0.28288695216178894,
    "Pleural Effusion": 0.3165797293186188
}