{
    "Atelectasis": 0.6025328636169434,
    "Cardiomegaly": 0.23473283648490906,
    "Consolidation": 0.28723910450935364,
    "Edema": 0.24998438358306885,
    "Pleural Effusion": 0.21645544469356537
}