{
    "Atelectasis": 0.4829193651676178,
    "Cardiomegaly": 0.5368440747261047,
    "Consolidation": 0.44578975439071655,
    "Edema": 0.48101988434791565,
    "Pleural Effusion": 0.46535900235176086
}