{
    "Atelectasis": 0.4951252341270447,
    "Cardiomegaly": 0.5322121977806091,
    "Consolidation": 0.46139493584632874,
    "Edema": 0.48425912857055664,
    "Pleural Effusion": 0.46117642521858215
}