{
    "Atelectasis": 0.6320046186447144,
    "Cardiomegaly": 0.28402021527290344,
    "Consolidation": 0.3195839524269104,
    "Edema": 0.2540353536605835,
    "Pleural Effusion": 0.23837928473949432
}