{
    "AUROC": {
        "No Finding": 0.8507142857142858,
        "Enlarged Cardiomediastinum": 0.6588034188034187,
        "Cardiomegaly": 0.8070054945054944,
        "Lung Opacity": 0.4151081774844151,
        "Lung Lesion": 0.4285714285714286,
        "Edema": 0.877608695652174,
        "Consolidation": 0.9261333333333334,
        "Pneumonia": 0.6930272108843537,
        "Atelectasis": 0.8586519114688128,
        "Pneumothorax": 0.7304421768707483,
        "Pleural Effusion": 0.918236757909705,
        "Pleural Other": 0.9025974025974026,
        "Fracture": NaN,
        "Support Devices": 0.9313922356091031
    },
    "AUROC_subset_mean": 0.877527238573904,
    "F1_per_class": {
        "No Finding": 0.049999999999999996,
        "Enlarged Cardiomediastinum": 0.0,
        "Cardiomegaly": 0.0,
        "Lung Opacity": 0.0,
        "Lung Lesion": 0.0,
        "Edema": 0.3846153846153846,
        "Consolidation": 0.0,
        "Pneumonia": 0.0,
        "Atelectasis": 0.0,
        "Pneumothorax": 0.0,
        "Pleural Effusion": 0.44736842105263147,
        "Pleural Other": 0.0,
        "Fracture": 0.0,
        "Support Devices": 0.8421052631578948
    },
    "F1_subset_mean": 0.1663967611336032,
    "Youden_per_class": {
        "No Finding": -0.004761904761904745,
        "Enlarged Cardiomediastinum": 0.0,
        "Cardiomegaly": 0.0,
        "Lung Opacity": 0.0,
        "Lung Lesion": -0.42207792207792205,
        "Edema": 0.232608695652174,
        "Consolidation": 0.0,
        "Pneumonia": 0.0,
        "Atelectasis": 0.0,
        "Pneumothorax": 0.0,
        "Pleural Effusion": 0.2827941699253467,
        "Pleural Other": 0.0,
        "Fracture": 0.0,
        "Support Devices": 0.7016398929049532
    },
    "Youden-index_subset_mean": 0.10308057311550414,
    "Accuracy_per_class": {
        "No Finding": 0.7548387096774194,
        "Enlarged Cardiomediastinum": 0.41935483870967744,
        "Cardiomegaly": 0.5870967741935483,
        "Lung Opacity": 0.34838709677419355,
        "Lung Lesion": 0.5741935483870968,
        "Edema": 0.7935483870967742,
        "Consolidation": 0.8064516129032258,
        "Pneumonia": 0.9483870967741935,
        "Atelectasis": 0.5419354838709678,
        "Pneumothorax": 0.9483870967741935,
        "Pleural Effusion": 0.7290322580645161,
        "Pleural Other": 0.9935483870967742,
        "Fracture": 1.0,
        "Support Devices": 0.8451612903225807
    },
    "Accuracy_subset_mean": 0.6916129032258065
}