{
    "AUROC": {
        "No Finding": 0.8462732919254657,
        "Enlarged Cardiomediastinum": 0.7178313498118197,
        "Cardiomegaly": 0.8635736677115988,
        "Lung Opacity": 0.41565673108417944,
        "Lung Lesion": 0.7298177083333333,
        "Edema": 0.902587961616749,
        "Consolidation": 0.9144851657940664,
        "Pneumonia": 0.595959595959596,
        "Atelectasis": 0.8512872628726287,
        "Pneumothorax": 0.744949494949495,
        "Pleural Effusion": 0.9059857403415686,
        "Pleural Other": 0.9617346938775511,
        "Fracture": 0.7935702199661591,
        "Support Devices": 0.9539585627064359
    },
    "AUROC_subset_mean": 0.8875839596673222,
    "F1_per_class": {
        "No Finding": 0.5862068965517241,
        "Enlarged Cardiomediastinum": 0.6062717770034843,
        "Cardiomegaly": 0.6962962962962964,
        "Lung Opacity": 0.5239852398523985,
        "Lung Lesion": 0.1714285714285714,
        "Edema": 0.3855421686746988,
        "Consolidation": 0.3428571428571429,
        "Pneumonia": 0.01886792452830189,
        "Atelectasis": 0.5263157894736842,
        "Pneumothorax": 0.0,
        "Pleural Effusion": 0.691358024691358,
        "Pleural Other": 0.05063291139240507,
        "Fracture": 0.0,
        "Support Devices": 0.879120879120879
    },
    "F1_subset_mean": 0.5284738843986361,
    "Youden_per_class": {
        "No Finding": 0.5053642010163748,
        "Enlarged Cardiomediastinum": 0.0,
        "Cardiomegaly": 0.6269592476489028,
        "Lung Opacity": 0.0,
        "Lung Lesion": 0.4583333333333335,
        "Edema": 0.5769118929921488,
        "Consolidation": 0.5619546247818499,
        "Pneumonia": -0.02020202020202022,
        "Atelectasis": 0.5406504065040649,
        "Pneumothorax": 0.0,
        "Pleural Effusion": 0.6585972475543027,
        "Pleural Other": 0.23469387755102034,
        "Fracture": 0.0,
        "Support Devices": 0.7761985787208487
    },
    "Youden-index_subset_mean": 0.5930146838962538,
    "Accuracy_per_class": {
        "No Finding": 0.76,
        "Enlarged Cardiomediastinum": 0.435,
        "Cardiomegaly": 0.795,
        "Lung Opacity": 0.355,
        "Lung Lesion": 0.71,
        "Edema": 0.745,
        "Consolidation": 0.885,
        "Pneumonia": 0.48,
        "Atelectasis": 0.73,
        "Pneumothorax": 0.99,
        "Pleural Effusion": 0.875,
        "Pleural Other": 0.25,
        "Fracture": 0.985,
        "Support Devices": 0.89
    },
    "Accuracy_subset_mean": 0.806
}