{
    "Atelectasis": 0.4095393121242523,
    "Cardiomegaly": 0.18631106615066528,
    "Consolidation": 0.22506795823574066,
    "Edema": 0.21353834867477417,
    "Pleural Effusion": 0.19300477206707
}