{
    "Atelectasis": 0.40428590774536133,
    "Cardiomegaly": 0.33518004417419434,
    "Consolidation": 0.3086487948894501,
    "Edema": 0.38131192326545715,
    "Pleural Effusion": 0.2640114724636078
}