{
    "Atelectasis": 0.43167880177497864,
    "Cardiomegaly": 0.31420114636421204,
    "Consolidation": 0.31111595034599304,
    "Edema": 0.3724587559700012,
    "Pleural Effusion": 0.24446000158786774
}