{
    "AUROC": {
        "No Finding": 0.8507142857142858,
        "Enlarged Cardiomediastinum": 0.6588034188034187,
        "Cardiomegaly": 0.7944711538461539,
        "Lung Opacity": 0.4151081774844151,
        "Lung Lesion": 0.4285714285714286,
        "Edema": 0.8776086956521738,
        "Consolidation": 0.9309333333333334,
        "Pneumonia": 0.6930272108843537,
        "Atelectasis": 0.8556338028169014,
        "Pneumothorax": 0.7304421768707483,
        "Pleural Effusion": 0.9200142196942765,
        "Pleural Other": 0.9025974025974026,
        "Fracture": NaN,
        "Support Devices": 0.9313922356091031
    },
    "AUROC_subset_mean": 0.8757322410685677,
    "F1_per_class": {
        "No Finding": 0.6037735849056604,
        "Enlarged Cardiomediastinum": 0.7533632286995515,
        "Cardiomegaly": 0.7153284671532847,
        "Lung Opacity": 0.7890625,
        "Lung Lesion": 0.02197802197802198,
        "Edema": 0.707070707070707,
        "Consolidation": 0.7500000000000001,
        "Pneumonia": 0.1875,
        "Atelectasis": 0.7730061349693252,
        "Pneumothorax": 0.5454545454545454,
        "Pleural Effusion": 0.8256880733944953,
        "Pleural Other": 0.029411764705882353,
        "Fracture": 0.0,
        "Support Devices": 0.8875739644970415
    },
    "F1_subset_mean": 0.7542186765175625,
    "Youden_per_class": {
        "No Finding": 0.5892857142857144,
        "Enlarged Cardiomediastinum": 0.17948717948717952,
        "Cardiomegaly": 0.5018887362637363,
        "Lung Opacity": 0.0,
        "Lung Lesion": 0.42207792207792205,
        "Edema": 0.6663043478260868,
        "Consolidation": 0.7200000000000002,
        "Pneumonia": 0.2321428571428572,
        "Atelectasis": 0.5420858484238766,
        "Pneumothorax": 0.375,
        "Pleural Effusion": 0.7140063988624243,
        "Pleural Other": 0.5714285714285714,
        "Fracture": 0.0,
        "Support Devices": 0.7508366800535475
    },
    "Youden-index_subset_mean": 0.6288570662752249,
    "Accuracy_per_class": {
        "No Finding": 0.7290322580645161,
        "Enlarged Cardiomediastinum": 0.6451612903225806,
        "Cardiomegaly": 0.7483870967741936,
        "Lung Opacity": 0.6516129032258065,
        "Lung Lesion": 0.4258064516129032,
        "Edema": 0.8129032258064516,
        "Consolidation": 0.896774193548387,
        "Pneumonia": 0.832258064516129,
        "Atelectasis": 0.7612903225806451,
        "Pneumothorax": 0.967741935483871,
        "Pleural Effusion": 0.8774193548387097,
        "Pleural Other": 0.5741935483870968,
        "Fracture": 1.0,
        "Support Devices": 0.8774193548387097
    },
    "Accuracy_subset_mean": 0.8193548387096774
}