{
    "Atelectasis": 0.47605812549591064,
    "Cardiomegaly": 0.4664781391620636,
    "Consolidation": 0.481080561876297,
    "Edema": 0.46017739176750183,
    "Pleural Effusion": 0.47743919491767883
}