{
    "Atelectasis": 0.4849931299686432,
    "Cardiomegaly": 0.4753648638725281,
    "Consolidation": 0.47772952914237976,
    "Edema": 0.4739537537097931,
    "Pleural Effusion": 0.4775609076023102
}