{
    "AUROC": {
        "No Finding": 0.9091511936339522,
        "Enlarged Cardiomediastinum": 0.6093233082706766,
        "Cardiomegaly": 0.7792853912256897,
        "Lung Opacity": 0.3442118226600985,
        "Lung Lesion": 0.4773869346733668,
        "Edema": 0.9035563592525617,
        "Consolidation": 0.9166666666666667,
        "Pneumonia": 0.7109375,
        "Atelectasis": 0.8301866666666667,
        "Pneumothorax": 0.8737113402061856,
        "Pleural Effusion": 0.9146369485294117,
        "Pleural Other": 0.9296482412060302,
        "Fracture": NaN,
        "Support Devices": 0.8947894789478948
    },
    "AUROC_subset_mean": 0.8688664064681995,
    "F1_per_class": {
        "No Finding": 0.42975206611570255,
        "Enlarged Cardiomediastinum": 0.6936026936026936,
        "Cardiomegaly": 0.6344827586206897,
        "Lung Opacity": 0.7341772151898733,
        "Lung Lesion": 0.01015228426395939,
        "Edema": 0.5189873417721518,
        "Consolidation": 0.7142857142857143,
        "Pneumonia": 0.16666666666666669,
        "Atelectasis": 0.711864406779661,
        "Pneumothorax": 0.4,
        "Pleural Effusion": 0.7382550335570471,
        "Pleural Other": 0.1111111111111111,
        "Fracture": 0.0,
        "Support Devices": 0.6901408450704225
    },
    "F1_subset_mean": 0.6635750510030527,
    "Youden_per_class": {
        "No Finding": 0.603448275862069,
        "Enlarged Cardiomediastinum": 0.0441102756892231,
        "Cardiomegaly": 0.45070104025327895,
        "Lung Opacity": 0.0,
        "Lung Lesion": 0.0201005025125629,
        "Edema": 0.5015069318866787,
        "Consolidation": 0.7038690476190477,
        "Pneumonia": 0.3802083333333335,
        "Atelectasis": 0.528,
        "Pneumothorax": 0.4690721649484537,
        "Pleural Effusion": 0.6387867647058822,
        "Pleural Other": 0.9195979899497488,
        "Fracture": -1.0,
        "Support Devices": 0.12851285128512857
    },
    "Youden-index_subset_mean": 0.5645727568929775,
    "Accuracy_per_class": {
        "No Finding": 0.655,
        "Enlarged Cardiomediastinum": 0.545,
        "Cardiomegaly": 0.735,
        "Lung Opacity": 0.58,
        "Lung Lesion": 0.025,
        "Edema": 0.62,
        "Consolidation": 0.9,
        "Pneumonia": 0.75,
        "Atelectasis": 0.745,
        "Pneumothorax": 0.955,
        "Pleural Effusion": 0.805,
        "Pleural Other": 0.92,
        "Fracture": 0.0,
        "Support Devices": 0.56
    },
    "Accuracy_subset_mean": 0.761
}