{
    "AUROC": {
        "No Finding": 0.9005305039787798,
        "Enlarged Cardiomediastinum": 0.5974937343358396,
        "Cardiomegaly": 0.7735187697874265,
        "Lung Opacity": 0.3302545155993432,
        "Lung Lesion": 0.5125628140703518,
        "Edema": 0.9076250753465943,
        "Consolidation": 0.9252232142857143,
        "Pneumonia": 0.7200520833333334,
        "Atelectasis": 0.8180266666666667,
        "Pneumothorax": 0.8737113402061856,
        "Pleural Effusion": 0.9136029411764706,
        "Pleural Other": 0.9396984924623115,
        "Fracture": NaN,
        "Support Devices": 0.895989598959896
    },
    "AUROC_subset_mean": 0.8675993334525746,
    "F1_per_class": {
        "No Finding": 0.5154639175257731,
        "Enlarged Cardiomediastinum": 0.6175115207373272,
        "Cardiomegaly": 0.5913043478260871,
        "Lung Opacity": 0.7341772151898733,
        "Lung Lesion": 0.01904761904761905,
        "Edema": 0.6964285714285714,
        "Consolidation": 0.7272727272727274,
        "Pneumonia": 0.12371134020618557,
        "Atelectasis": 0.6951219512195121,
        "Pneumothorax": 0.15584415584415587,
        "Pleural Effusion": 0.7863247863247864,
        "Pleural Other": 0.034482758620689655,
        "Fracture": 0.0,
        "Support Devices": 0.8431372549019608
    },
    "F1_subset_mean": 0.6992904768143369,
    "Youden_per_class": {
        "No Finding": 0.6971706454465076,
        "Enlarged Cardiomediastinum": 0.16441102756892212,
        "Cardiomegaly": 0.40321121664405246,
        "Lung Opacity": 0.0,
        "Lung Lesion": 0.4824120603015074,
        "Edema": 0.732368896925859,
        "Consolidation": 0.7738095238095237,
        "Pneumonia": 0.3177083333333335,
        "Atelectasis": 0.504,
        "Pneumothorax": 0.6649484536082473,
        "Pleural Effusion": 0.6672794117647058,
        "Pleural Other": 0.7185929648241207,
        "Fracture": 0.0,
        "Support Devices": 0.6805680568056807
    },
    "Youden-index_subset_mean": 0.6161338098288281,
    "Accuracy_per_class": {
        "No Finding": 0.765,
        "Enlarged Cardiomediastinum": 0.585,
        "Cardiomegaly": 0.765,
        "Lung Opacity": 0.58,
        "Lung Lesion": 0.485,
        "Edema": 0.83,
        "Consolidation": 0.895,
        "Pneumonia": 0.575,
        "Atelectasis": 0.75,
        "Pneumothorax": 0.675,
        "Pleural Effusion": 0.875,
        "Pleural Other": 0.72,
        "Fracture": 1.0,
        "Support Devices": 0.84
    },
    "Accuracy_subset_mean": 0.8230000000000001
}