{
    "AUROC": {
        "No Finding": 0.9091511936339522,
        "Enlarged Cardiomediastinum": 0.6093233082706766,
        "Cardiomegaly": 0.7807553143374039,
        "Lung Opacity": 0.3442118226600985,
        "Lung Lesion": 0.4773869346733668,
        "Edema": 0.9053646775165762,
        "Consolidation": 0.9153645833333333,
        "Pneumonia": 0.7109375,
        "Atelectasis": 0.8311466666666667,
        "Pneumothorax": 0.8737113402061856,
        "Pleural Effusion": 0.9150965073529412,
        "Pleural Other": 0.9296482412060302,
        "Fracture": NaN,
        "Support Devices": 0.8947894789478948
    },
    "AUROC_subset_mean": 0.8695455498413842,
    "F1_per_class": {
        "No Finding": 0.5048543689320388,
        "Enlarged Cardiomediastinum": 0.6936026936026936,
        "Cardiomegaly": 0.6315789473684211,
        "Lung Opacity": 0.7341772151898733,
        "Lung Lesion": 0.010582010582010583,
        "Edema": 0.6106870229007633,
        "Consolidation": 0.7042253521126761,
        "Pneumonia": 0.15999999999999998,
        "Atelectasis": 0.7000000000000001,
        "Pneumothorax": 0.5,
        "Pleural Effusion": 0.7518796992481203,
        "Pleural Other": 0.1111111111111111,
        "Fracture": 0.0,
        "Support Devices": 0.7320754716981132
    },
    "F1_subset_mean": 0.6796742043259962,
    "Youden_per_class": {
        "No Finding": 0.7068965517241379,
        "Enlarged Cardiomediastinum": 0.0441102756892231,
        "Cardiomegaly": 0.449796472184532,
        "Lung Opacity": 0.0,
        "Lung Lesion": 0.06030150753768848,
        "Edema": 0.6422543701024712,
        "Consolidation": 0.6979166666666665,
        "Pneumonia": 0.171875,
        "Atelectasis": 0.5146666666666668,
        "Pneumothorax": 0.48453608247422686,
        "Pleural Effusion": 0.6415441176470589,
        "Pleural Other": 0.9195979899497488,
        "Fracture": -1.0,
        "Support Devices": 0.29662966296629656
    },
    "Youden-index_subset_mean": 0.589235658653479,
    "Accuracy_per_class": {
        "No Finding": 0.745,
        "Enlarged Cardiomediastinum": 0.545,
        "Cardiomegaly": 0.755,
        "Lung Opacity": 0.58,
        "Lung Lesion": 0.065,
        "Edema": 0.745,
        "Consolidation": 0.895,
        "Pneumonia": 0.895,
        "Atelectasis": 0.76,
        "Pneumothorax": 0.97,
        "Pleural Effusion": 0.835,
        "Pleural Other": 0.92,
        "Fracture": 0.0,
        "Support Devices": 0.645
    },
    "Accuracy_subset_mean": 0.798
}