{
    "Atelectasis": 0.41870254278182983,
    "Cardiomegaly": 0.22257383167743683,
    "Consolidation": 0.2826145589351654,
    "Edema": 0.19848743081092834,
    "Pleural Effusion": 0.1737326681613922
}