{
    "AUROC": {
        "No Finding": 0.49137931034482757,
        "Enlarged Cardiomediastinum": 0.5,
        "Cardiomegaly": 0.5075757575757576,
        "Lung Opacity": 0.5,
        "Lung Lesion": 0.364321608040201,
        "Edema": 0.6906268836648582,
        "Consolidation": 0.5,
        "Pneumonia": 0.5,
        "Atelectasis": 0.5,
        "Pneumothorax": 0.5,
        "Pleural Effusion": 0.5353860294117647,
        "Pleural Other": 0.5,
        "Fracture": NaN,
        "Support Devices": 0.737973797379738
    },
    "AUROC_subset_mean": 0.5467177341304762,
    "F1_per_class": {
        "No Finding": 0.23008849557522126,
        "Enlarged Cardiomediastinum": 0.6885245901639345,
        "Cardiomegaly": 0.49624060150375937,
        "Lung Opacity": 0.7341772151898733,
        "Lung Lesion": 0.009950248756218907,
        "Edema": 0.5194805194805195,
        "Consolidation": 0.2758620689655173,
        "Pneumonia": 0.07692307692307693,
        "Atelectasis": 0.5454545454545454,
        "Pneumothorax": 0.058252427184466014,
        "Pleural Effusion": 0.48484848484848486,
        "Pleural Other": 0.009950248756218907,
        "Fracture": 0.0,
        "Support Devices": 0.6708860759493672
    },
    "F1_subset_mean": 0.46437724405056535,
    "Youden_per_class": {
        "No Finding": 0.0,
        "Enlarged Cardiomediastinum": 0.0,
        "Cardiomegaly": 0.0,
        "Lung Opacity": 0.0,
        "Lung Lesion": 0.0,
        "Edema": 0.3812537673297167,
        "Consolidation": 0.0,
        "Pneumonia": 0.0,
        "Atelectasis": 0.0,
        "Pneumothorax": 0.0,
        "Pleural Effusion": 0.0,
        "Pleural Other": 0.0,
        "Fracture": 0.0,
        "Support Devices": 0.475947594759476
    },
    "Youden-index_subset_mean": 0.07625075346594334,
    "Accuracy_per_class": {
        "No Finding": 0.13,
        "Enlarged Cardiomediastinum": 0.525,
        "Cardiomegaly": 0.33,
        "Lung Opacity": 0.58,
        "Lung Lesion": 0.005,
        "Edema": 0.815,
        "Consolidation": 0.16,
        "Pneumonia": 0.04,
        "Atelectasis": 0.375,
        "Pneumothorax": 0.03,
        "Pleural Effusion": 0.32,
        "Pleural Other": 0.005,
        "Fracture": 1.0,
        "Support Devices": 0.74
    },
    "Accuracy_subset_mean": 0.4
}