{
    "Atelectasis": 0.5987963676452637,
    "Cardiomegaly": 0.2545153796672821,
    "Consolidation": 0.3470720648765564,
    "Edema": 0.2555939853191376,
    "Pleural Effusion": 0.2980598509311676
}