{
    "AUROC": {
        "No Finding": 0.9073828470380193,
        "Enlarged Cardiomediastinum": 0.6173433583959901,
        "Cardiomegaly": 0.7649253731343284,
        "Lung Opacity": 0.40907224958949095,
        "Lung Lesion": 0.4623115577889447,
        "Edema": 0.8910488245931284,
        "Consolidation": 0.8949032738095238,
        "Pneumonia": 0.6959635416666667,
        "Atelectasis": 0.8392533333333333,
        "Pneumothorax": 0.8359106529209621,
        "Pleural Effusion": 0.8984375,
        "Pleural Other": 0.6030150753768844,
        "Fracture": NaN,
        "Support Devices": 0.8763876387638764
    },
    "AUROC_subset_mean": 0.8577136609740628,
    "F1_per_class": {
        "No Finding": 0.5714285714285714,
        "Enlarged Cardiomediastinum": 0.6885245901639345,
        "Cardiomegaly": 0.5931034482758619,
        "Lung Opacity": 0.7341772151898733,
        "Lung Lesion": 0.0,
        "Edema": 0.5673758865248226,
        "Consolidation": 0.6578947368421052,
        "Pneumonia": 0.11881188118811882,
        "Atelectasis": 0.6888888888888889,
        "Pneumothorax": 0.0,
        "Pleural Effusion": 0.6842105263157895,
        "Pleural Other": 0.017391304347826087,
        "Fracture": 0.0,
        "Support Devices": 0.8058252427184466
    },
    "F1_subset_mean": 0.6382946973694936,
    "Youden_per_class": {
        "No Finding": 0.5831122900088417,
        "Enlarged Cardiomediastinum": 0.0,
        "Cardiomegaly": 0.38285843509724105,
        "Lung Opacity": 0.0,
        "Lung Lesion": -0.457286432160804,
        "Edema": 0.578963230861965,
        "Consolidation": 0.6681547619047619,
        "Pneumonia": 0.296875,
        "Atelectasis": 0.4826666666666668,
        "Pneumothorax": 0.0,
        "Pleural Effusion": 0.5284926470588234,
        "Pleural Other": 0.4321608040201004,
        "Fracture": 0.0,
        "Support Devices": 0.6007600760076008
    },
    "Youden-index_subset_mean": 0.5282271483178916,
    "Accuracy_per_class": {
        "No Finding": 0.865,
        "Enlarged Cardiomediastinum": 0.525,
        "Cardiomegaly": 0.705,
        "Lung Opacity": 0.58,
        "Lung Lesion": 0.54,
        "Edema": 0.695,
        "Consolidation": 0.87,
        "Pneumonia": 0.555,
        "Atelectasis": 0.72,
        "Pneumothorax": 0.97,
        "Pleural Effusion": 0.82,
        "Pleural Other": 0.435,
        "Fracture": 1.0,
        "Support Devices": 0.8
    },
    "Accuracy_subset_mean": 0.7619999999999999
}