{
    "Atelectasis": 0.4761287271976471,
    "Cardiomegaly": 0.2714143991470337,
    "Consolidation": 0.3420776426792145,
    "Edema": 0.3098306953907013,
    "Pleural Effusion": 0.2265612632036209
}