{
    "Atelectasis": 0.603898286819458,
    "Cardiomegaly": 0.3016570806503296,
    "Consolidation": 0.40121176838874817,
    "Edema": 0.2869446873664856,
    "Pleaural Effusion": 0.2441711127758026
}