{
    "Atelectasis": 0.4968114495277405,
    "Cardiomegaly": 0.18398331105709076,
    "Consolidation": 0.2751404643058777,
    "Edema": 0.21153846383094788,
    "Pleural Effusion": 0.25439560413360596
}