{
    "Atelectasis": 0.5413689613342285,
    "Cardiomegaly": 0.6009688377380371,
    "Consolidation": 0.6965370774269104,
    "Edema": 0.6614758372306824,
    "Pleaural Effusion": 0.5533941388130188
}