{
    "Atelectasis": 0.7166687846183777,
    "Cardiomegaly": 0.5897107124328613,
    "Consolidation": 0.752013623714447,
    "Edema": 0.7198775410652161,
    "Pleaural Effusion": 0.41306743025779724
}