{
    "Atelectasis": 0.5338380932807922,
    "Cardiomegaly": 0.40636569261550903,
    "Consolidation": 0.6264067888259888,
    "Edema": 0.31293344497680664,
    "Pleural Effusion": 0.42826300859451294
}