{
    "AUROC": {
        "No Finding": 0.9079393135955223,
        "Enlarged Cardiomediastinum": 0.649741562785041,
        "Cardiomegaly": 0.8743429666597088,
        "Lung Opacity": 0.3372977657935285,
        "Lung Lesion": 0.5746951219512195,
        "Edema": 0.8772633369789768,
        "Consolidation": 0.8512336188593601,
        "Pneumonia": 0.6291132180702732,
        "Atelectasis": 0.8024712286451565,
        "Pneumothorax": 0.8676171079429734,
        "Pleural Effusion": 0.9358731546231546,
        "Pleural Other": 0.9924395161290323,
        "Fracture": 0.7866666666666666,
        "Support Devices": 0.9313070103720804
    },
    "AUROC_subset_mean": 0.8682368611532715,
    "F1_per_class": {
        "No Finding": 0.5957446808510638,
        "Enlarged Cardiomediastinum": 0.6648648648648648,
        "Cardiomegaly": 0.7005347593582889,
        "Lung Opacity": 0.6910994764397906,
        "Lung Lesion": 0.04166666666666666,
        "Edema": 0.5573770491803278,
        "Consolidation": 0.3181818181818182,
        "Pneumonia": 0.05240174672489083,
        "Atelectasis": 0.635,
        "Pneumothorax": 0.2105263157894737,
        "Pleural Effusion": 0.694980694980695,
        "Pleural Other": 0.04166666666666667,
        "Fracture": 0.019801980198019802,
        "Support Devices": 0.8560157790927021
    },
    "F1_subset_mean": 0.581214864340226,
    "Youden_per_class": {
        "No Finding": 0.5929444689939607,
        "Enlarged Cardiomediastinum": -0.0033764862140147622,
        "Cardiomegaly": 0.6039393536879256,
        "Lung Opacity": 0.0,
        "Lung Lesion": 0.19308943089430897,
        "Edema": 0.6395673836432132,
        "Consolidation": 0.5500402664909583,
        "Pneumonia": 0.1119167131437071,
        "Atelectasis": 0.4842440338287093,
        "Pneumothorax": 0.2059289431998188,
        "Pleural Effusion": 0.7012432012432013,
        "Pleural Other": 0.629032258064516,
        "Fracture": 0.0,
        "Support Devices": 0.7100787123871815
    },
    "Youden-index_subset_mean": 0.5958068477788017,
    "Accuracy_per_class": {
        "No Finding": 0.886,
        "Enlarged Cardiomediastinum": 0.504,
        "Cardiomegaly": 0.776,
        "Lung Opacity": 0.528,
        "Lung Lesion": 0.448,
        "Edema": 0.784,
        "Consolidation": 0.82,
        "Pneumonia": 0.566,
        "Atelectasis": 0.708,
        "Pneumothorax": 0.97,
        "Pleural Effusion": 0.842,
        "Pleural Other": 0.632,
        "Fracture": 0.01,
        "Support Devices": 0.854
    },
    "Accuracy_subset_mean": 0.786
}