{
    "Atelectasis": 0.6788800954818726,
    "Cardiomegaly": 0.6760748028755188,
    "Consolidation": 0.6710094213485718,
    "Edema": 0.7319253087043762,
    "Pleaural Effusion": 0.7865742444992065
}