{
    "AUROC": {
        "No Finding": 0.9091511936339522,
        "Enlarged Cardiomediastinum": 0.6093233082706766,
        "Cardiomegaly": 0.777363184079602,
        "Lung Opacity": 0.3442118226600985,
        "Lung Lesion": 0.4773869346733668,
        "Edema": 0.8990355635925256,
        "Consolidation": 0.9200148809523809,
        "Pneumonia": 0.7109375,
        "Atelectasis": 0.8229333333333334,
        "Pneumothorax": 0.8737113402061856,
        "Pleural Effusion": 0.9137178308823529,
        "Pleural Other": 0.9296482412060302,
        "Fracture": NaN,
        "Support Devices": 0.8947894789478948
    },
    "AUROC_subset_mean": 0.8666129585680389,
    "F1_per_class": {
        "No Finding": 0.5633802816901408,
        "Enlarged Cardiomediastinum": 0.6885245901639345,
        "Cardiomegaly": 0.5833333333333333,
        "Lung Opacity": 0.7341772151898733,
        "Lung Lesion": 0.017699115044247787,
        "Edema": 0.6846846846846846,
        "Consolidation": 0.7297297297297298,
        "Pneumonia": 0.07692307692307693,
        "Atelectasis": 0.7052023121387283,
        "Pneumothorax": 0.5,
        "Pleural Effusion": 0.7538461538461539,
        "Pleural Other": 0.009950248756218907,
        "Fracture": 0.0,
        "Support Devices": 0.8247422680412371
    },
    "F1_subset_mean": 0.6913592427465259,
    "Youden_per_class": {
        "No Finding": 0.625552608311229,
        "Enlarged Cardiomediastinum": 0.0,
        "Cardiomegaly": 0.388511985526911,
        "Lung Opacity": 0.0,
        "Lung Lesion": 0.44221105527638205,
        "Edema": 0.7085593731163351,
        "Consolidation": 0.7544642857142856,
        "Pneumonia": 0.0,
        "Atelectasis": 0.5173333333333332,
        "Pneumothorax": 0.48453608247422686,
        "Pleural Effusion": 0.640625,
        "Pleural Other": 0.0,
        "Fracture": -1.0,
        "Support Devices": 0.6595659565956595
    },
    "Youden-index_subset_mean": 0.601898795538173,
    "Accuracy_per_class": {
        "No Finding": 0.845,
        "Enlarged Cardiomediastinum": 0.525,
        "Cardiomegaly": 0.75,
        "Lung Opacity": 0.58,
        "Lung Lesion": 0.445,
        "Edema": 0.825,
        "Consolidation": 0.9,
        "Pneumonia": 0.04,
        "Atelectasis": 0.745,
        "Pneumothorax": 0.97,
        "Pleural Effusion": 0.84,
        "Pleural Other": 0.005,
        "Fracture": 0.0,
        "Support Devices": 0.83
    },
    "Accuracy_subset_mean": 0.8119999999999999,
    
    "Best a": 1.6300000000000001,
    "Best b": 0.98
}