{
    "AUROC": {
        "No Finding": 0.9079393135955223,
        "Enlarged Cardiomediastinum": 0.649741562785041,
        "Cardiomegaly": 0.87572819218581,
        "Lung Opacity": 0.3372977657935285,
        "Lung Lesion": 0.5746951219512195,
        "Edema": 0.8772329566168429,
        "Consolidation": 0.8501354418332236,
        "Pneumonia": 0.6291132180702732,
        "Atelectasis": 0.8020945169614435,
        "Pneumothorax": 0.8676171079429734,
        "Pleural Effusion": 0.9352175602175602,
        "Pleural Other": 0.9924395161290323,
        "Fracture": 0.7866666666666666,
        "Support Devices": 0.9313070103720804
    },
    "AUROC_subset_mean": 0.868081733562976,
    "F1_per_class": {
        "No Finding": 0.5957446808510638,
        "Enlarged Cardiomediastinum": 0.6648648648648648,
        "Cardiomegaly": 0.6984126984126984,
        "Lung Opacity": 0.6910994764397906,
        "Lung Lesion": 0.04166666666666666,
        "Edema": 0.5726495726495726,
        "Consolidation": 0.33070866141732286,
        "Pneumonia": 0.05240174672489083,
        "Atelectasis": 0.5808383233532934,
        "Pneumothorax": 0.2105263157894737,
        "Pleural Effusion": 0.691449814126394,
        "Pleural Other": 0.04166666666666667,
        "Fracture": 0.019801980198019802,
        "Support Devices": 0.8560157790927021
    },
    "F1_subset_mean": 0.5748118139918563,
    "Youden_per_class": {
        "No Finding": 0.5929444689939607,
        "Enlarged Cardiomediastinum": -0.0033764862140147622,
        "Cardiomegaly": 0.6019658817055351,
        "Lung Opacity": 0.0,
        "Lung Lesion": 0.19308943089430897,
        "Edema": 0.6480738850407097,
        "Consolidation": 0.5606559777436124,
        "Pneumonia": 0.1119167131437071,
        "Atelectasis": 0.3919120001506846,
        "Pneumothorax": 0.2059289431998188,
        "Pleural Effusion": 0.7124125874125875,
        "Pleural Other": 0.629032258064516,
        "Fracture": 0.0,
        "Support Devices": 0.7100787123871815
    },
    "Youden-index_subset_mean": 0.5830040664106259,
    "Accuracy_per_class": {
        "No Finding": 0.886,
        "Enlarged Cardiomediastinum": 0.504,
        "Cardiomegaly": 0.772,
        "Lung Opacity": 0.528,
        "Lung Lesion": 0.448,
        "Edema": 0.8,
        "Consolidation": 0.83,
        "Pneumonia": 0.566,
        "Atelectasis": 0.72,
        "Pneumothorax": 0.97,
        "Pleural Effusion": 0.834,
        "Pleural Other": 0.632,
        "Fracture": 0.01,
        "Support Devices": 0.854
    },
    "Accuracy_subset_mean": 0.7912
}