{
    "Atelectasis": 0.2924365997314453,
    "Cardiomegaly": 0.2416195273399353,
    "Consolidation": 0.21905261278152466,
    "Edema": 0.31083789467811584,
    "Pleural Effusion": 0.21039168536663055
}