{
    "AUROC": {
        "No Finding": 0.8927939876215738,
        "Enlarged Cardiomediastinum": 0.6081203007518797,
        "Cardiomegaly": 0.7718227046585255,
        "Lung Opacity": 0.34657224958949095,
        "Lung Lesion": 0.44723618090452266,
        "Edema": 0.900994575045208,
        "Consolidation": 0.9036458333333334,
        "Pneumonia": 0.6100260416666666,
        "Atelectasis": 0.8394666666666668,
        "Pneumothorax": 0.8634020618556701,
        "Pleural Effusion": 0.8986672794117647,
        "Pleural Other": 0.7135678391959799,
        "Fracture": NaN,
        "Support Devices": 0.8795879587958796
    },
    "AUROC_subset_mean": 0.8629194118230996,
    "F1_per_class": {
        "No Finding": 0.5373134328358209,
        "Enlarged Cardiomediastinum": 0.6885245901639345,
        "Cardiomegaly": 0.588235294117647,
        "Lung Opacity": 0.7341772151898733,
        "Lung Lesion": 0.0,
        "Edema": 0.6201550387596899,
        "Consolidation": 0.6666666666666666,
        "Pneumonia": 0.11764705882352941,
        "Atelectasis": 0.6839378238341969,
        "Pneumothorax": 0.4,
        "Pleural Effusion": 0.7419354838709677,
        "Pleural Other": 0.010989010989010988,
        "Fracture": 0.0,
        "Support Devices": 0.8350515463917525
    },
    "F1_subset_mean": 0.6601860614498337,
    "Youden_per_class": {
        "No Finding": 0.5601237842617153,
        "Enlarged Cardiomediastinum": 0.0,
        "Cardiomegaly": 0.3821800090456806,
        "Lung Opacity": 0.0,
        "Lung Lesion": -0.40201005025125625,
        "Edema": 0.6549125979505726,
        "Consolidation": 0.7127976190476191,
        "Pneumonia": 0.2916666666666665,
        "Atelectasis": 0.46399999999999997,
        "Pneumothorax": 0.32302405498281783,
        "Pleural Effusion": 0.6158088235294117,
        "Pleural Other": 0.09547738693467345,
        "Fracture": 0.0,
        "Support Devices": 0.6795679567956796
    },
    "Youden-index_subset_mean": 0.5659398099146568,
    "Accuracy_per_class": {
        "No Finding": 0.845,
        "Enlarged Cardiomediastinum": 0.525,
        "Cardiomegaly": 0.72,
        "Lung Opacity": 0.58,
        "Lung Lesion": 0.595,
        "Edema": 0.755,
        "Consolidation": 0.865,
        "Pneumonia": 0.55,
        "Atelectasis": 0.695,
        "Pneumothorax": 0.97,
        "Pleural Effusion": 0.84,
        "Pleural Other": 0.1,
        "Fracture": 1.0,
        "Support Devices": 0.84
    },
    "Accuracy_subset_mean": 0.775
}