{
    "AUROC": {
        "No Finding": 0.08687002652519893,
        "Enlarged Cardiomediastinum": 0.44922305764411025,
        "Cardiomegaly": 0.23609226594301225,
        "Lung Opacity": 0.5,
        "Lung Lesion": 0.14572864321608042,
        "Edema": 0.08333333333333331,
        "Consolidation": 0.09542410714285714,
        "Pneumonia": 0.3427734375,
        "Atelectasis": 0.17717333333333335,
        "Pneumothorax": 0.17268041237113402,
        "Pleural Effusion": 0.09857536764705883,
        "Pleural Other": 0.007537688442211032,
        "Fracture": NaN,
        "Support Devices": 0.1263126312631263
    },
    "AUROC_subset_mean": 0.138119681479919,
    "F1_per_class": {
        "No Finding": 0.23008849557522126,
        "Enlarged Cardiomediastinum": 0.6885245901639345,
        "Cardiomegaly": 0.49624060150375937,
        "Lung Opacity": 0.7341772151898733,
        "Lung Lesion": 0.009950248756218907,
        "Edema": 0.34710743801652894,
        "Consolidation": 0.2758620689655173,
        "Pneumonia": 0.07692307692307693,
        "Atelectasis": 0.5454545454545454,
        "Pneumothorax": 0.058252427184466014,
        "Pleural Effusion": 0.48484848484848486,
        "Pleural Other": 0.009950248756218907,
        "Fracture": 0.0,
        "Support Devices": 0.6622073578595317
    },
    "F1_subset_mean": 0.4299026277577672,
    "Youden_per_class": {
        "No Finding": 0.0,
        "Enlarged Cardiomediastinum": 0.0,
        "Cardiomegaly": 0.0,
        "Lung Opacity": 0.0,
        "Lung Lesion": 0.0,
        "Edema": 0.0,
        "Consolidation": 0.0,
        "Pneumonia": 0.0,
        "Atelectasis": 0.0,
        "Pneumothorax": 0.0,
        "Pleural Effusion": 0.0,
        "Pleural Other": 0.0,
        "Fracture": -1.0,
        "Support Devices": 0.0
    },
    "Youden-index_subset_mean": 0.0,
    "Accuracy_per_class": {
        "No Finding": 0.13,
        "Enlarged Cardiomediastinum": 0.525,
        "Cardiomegaly": 0.33,
        "Lung Opacity": 0.58,
        "Lung Lesion": 0.005,
        "Edema": 0.21,
        "Consolidation": 0.16,
        "Pneumonia": 0.04,
        "Atelectasis": 0.375,
        "Pneumothorax": 0.03,
        "Pleural Effusion": 0.32,
        "Pleural Other": 0.005,
        "Fracture": 0.0,
        "Support Devices": 0.495
    },
    "Accuracy_subset_mean": 0.279
}