{
    "AUROC": {
        "No Finding": 0.9091511936339522,
        "Enlarged Cardiomediastinum": 0.6093233082706766,
        "Cardiomegaly": 0.7792853912256897,
        "Lung Opacity": 0.3442118226600985,
        "Lung Lesion": 0.4773869346733668,
        "Edema": 0.9035563592525617,
        "Consolidation": 0.9164806547619048,
        "Pneumonia": 0.7109375,
        "Atelectasis": 0.83072,
        "Pneumothorax": 0.8737113402061856,
        "Pleural Effusion": 0.9147518382352942,
        "Pleural Other": 0.9296482412060302,
        "Fracture": NaN,
        "Support Devices": 0.8947894789478948
    },
    "AUROC_subset_mean": 0.8689588486950901,
    "F1_per_class": {
        "No Finding": 0.5714285714285714,
        "Enlarged Cardiomediastinum": 0.6912751677852349,
        "Cardiomegaly": 0.6301369863013698,
        "Lung Opacity": 0.7341772151898733,
        "Lung Lesion": 0.014084507042253521,
        "Edema": 0.7238095238095238,
        "Consolidation": 0.7142857142857143,
        "Pneumonia": 0.15686274509803924,
        "Atelectasis": 0.7078651685393258,
        "Pneumothorax": 0.6666666666666666,
        "Pleural Effusion": 0.7863247863247864,
        "Pleural Other": 0.07142857142857142,
        "Fracture": 0.0,
        "Support Devices": 0.8093023255813953
    },
    "F1_subset_mean": 0.7124844358521442,
    "Youden_per_class": {
        "No Finding": 0.6312997347480107,
        "Enlarged Cardiomediastinum": 0.03358395989974938,
        "Cardiomegaly": 0.4432383536861151,
        "Lung Opacity": 0.0,
        "Lung Lesion": 0.29648241206030157,
        "Edema": 0.7465340566606389,
        "Consolidation": 0.7038690476190477,
        "Pneumonia": 0.296875,
        "Atelectasis": 0.52,
        "Pneumothorax": 0.5,
        "Pleural Effusion": 0.6672794117647058,
        "Pleural Other": 0.8693467336683418,
        "Fracture": -1.0,
        "Support Devices": 0.5916591659165915
    },
    "Youden-index_subset_mean": 0.6161841739461014,
    "Accuracy_per_class": {
        "No Finding": 0.85,
        "Enlarged Cardiomediastinum": 0.54,
        "Cardiomegaly": 0.73,
        "Lung Opacity": 0.58,
        "Lung Lesion": 0.3,
        "Edema": 0.855,
        "Consolidation": 0.9,
        "Pneumonia": 0.785,
        "Atelectasis": 0.74,
        "Pneumothorax": 0.985,
        "Pleural Effusion": 0.875,
        "Pleural Other": 0.87,
        "Fracture": 0.0,
        "Support Devices": 0.795
    },
    "Accuracy_subset_mean": 0.82
}