{
    "Atelectasis": 0.6703123450279236,
    "Cardiomegaly": 0.3008791208267212,
    "Consolidation": 0.33558389544487,
    "Edema": 0.2692224085330963,
    "Pleural Effusion": 0.24854852259159088
}