{
    "Atelectasis": 0.3625454902648926,
    "Cardiomegaly": 0.17091168463230133,
    "Consolidation": 0.21512219309806824,
    "Edema": 0.1814465969800949,
    "Pleural Effusion": 0.20280425250530243
}