{
    "Atelectasis": 0.3946772515773773,
    "Cardiomegaly": 0.17379499971866608,
    "Consolidation": 0.21117788553237915,
    "Edema": 0.1966707557439804,
    "Pleural Effusion": 0.18206368386745453
}