{
    "Atelectasis": 0.4770483672618866,
    "Cardiomegaly": 0.514167070388794,
    "Consolidation": 0.4448308050632477,
    "Edema": 0.4628622233867645,
    "Pleural Effusion": 0.4446101486682892
}