{
    "AUROC": {
        "No Finding": 0.8538961038961039,
        "Enlarged Cardiomediastinum": 0.7209846404231512,
        "Cardiomegaly": 0.8693416927899686,
        "Lung Opacity": 0.3982967572879135,
        "Lung Lesion": 0.708984375,
        "Edema": 0.9098575167199767,
        "Consolidation": 0.934845840605003,
        "Pneumonia": 0.6287878787878788,
        "Atelectasis": 0.8563685636856369,
        "Pneumothorax": 0.8383838383838383,
        "Pleural Effusion": 0.9369922069308573,
        "Pleural Other": 0.985969387755102,
        "Fracture": 0.8967851099830796,
        "Support Devices": 0.9580622560304274
    },
    "AUROC_subset_mean": 0.9014811641462884,
    "F1_per_class": {
        "No Finding": 0.15384615384615383,
        "Enlarged Cardiomediastinum": 0.0,
        "Cardiomegaly": 0.6853146853146852,
        "Lung Opacity": 0.0,
        "Lung Lesion": 0.13333333333333336,
        "Edema": 0.5200000000000001,
        "Consolidation": 0.39999999999999997,
        "Pneumonia": 0.0,
        "Atelectasis": 0.5208333333333334,
        "Pneumothorax": 0.0,
        "Pleural Effusion": 0.6511627906976745,
        "Pleural Other": 0.0,
        "Fracture": 0.0,
        "Support Devices": 0.8214285714285714
    },
    "F1_subset_mean": 0.5554621618691385,
    "Youden_per_class": {
        "No Finding": 0.0739695087521175,
        "Enlarged Cardiomediastinum": 0.0,
        "Cardiomegaly": 0.6219435736677115,
        "Lung Opacity": 0.0,
        "Lung Lesion": 0.25,
        "Edema": 0.5847630125036347,
        "Consolidation": 0.49796393251890647,
        "Pneumonia": 0.0,
        "Atelectasis": 0.481029810298103,
        "Pneumothorax": 0.0,
        "Pleural Effusion": 0.627922400928536,
        "Pleural Other": 0.0,
        "Fracture": 0.0,
        "Support Devices": 0.6919227304574118
    },
    "Youden-index_subset_mean": 0.5627245459833783,
    "Accuracy_per_class": {
        "No Finding": 0.78,
        "Enlarged Cardiomediastinum": 0.565,
        "Cardiomegaly": 0.775,
        "Lung Opacity": 0.645,
        "Lung Lesion": 0.74,
        "Edema": 0.88,
        "Consolidation": 0.925,
        "Pneumonia": 0.99,
        "Atelectasis": 0.77,
        "Pneumothorax": 0.99,
        "Pleural Effusion": 0.85,
        "Pleural Other": 0.98,
        "Fracture": 0.985,
        "Support Devices": 0.85
    },
    "Accuracy_subset_mean": 0.8399999999999999
}