{
    "Atelectasis": 0.4752117693424225,
    "Cardiomegaly": 0.4683583676815033,
    "Consolidation": 0.46285736560821533,
    "Edema": 0.46977943181991577,
    "Pleural Effusion": 0.47524294257164
}