{
    "Atelectasis": 0.4785495400428772,
    "Cardiomegaly": 0.49095916748046875,
    "Consolidation": 0.4719475507736206,
    "Edema": 0.4885954260826111,
    "Pleural Effusion": 0.4954833984375
}