{
    "AUROC": {
        "No Finding": 0.8476849237718803,
        "Enlarged Cardiomediastinum": 0.7217983928389788,
        "Cardiomegaly": 0.8695924764890283,
        "Lung Opacity": 0.40342832186919975,
        "Lung Lesion": 0.7083333333333333,
        "Edema": 0.9028787438208782,
        "Consolidation": 0.9249563699825479,
        "Pneumonia": 0.5404040404040404,
        "Atelectasis": 0.853658536585366,
        "Pneumothorax": 0.6893939393939394,
        "Pleural Effusion": 0.8910628419830874,
        "Pleural Other": 0.951530612244898,
        "Fracture": 0.8071065989847714,
        "Support Devices": 0.9581623461115004
    },
    "AUROC_subset_mean": 0.8884297937721815,
    "F1_per_class": {
        "No Finding": 0.5925925925925926,
        "Enlarged Cardiomediastinum": 0.6062717770034843,
        "Cardiomegaly": 0.6870229007633587,
        "Lung Opacity": 0.5239852398523985,
        "Lung Lesion": 0.15873015873015875,
        "Edema": 0.41558441558441556,
        "Consolidation": 0.368421052631579,
        "Pneumonia": 0.017699115044247787,
        "Atelectasis": 0.5272727272727273,
        "Pneumothorax": 0.0,
        "Pleural Effusion": 0.6666666666666666,
        "Pleural Other": 0.04624277456647399,
        "Fracture": 0.0,
        "Support Devices": 0.8651685393258426
    },
    "F1_subset_mean": 0.5329935525837495,
    "Youden_per_class": {
        "No Finding": 0.5008469791078487,
        "Enlarged Cardiomediastinum": 0.0,
        "Cardiomegaly": 0.6043887147335423,
        "Lung Opacity": 0.0,
        "Lung Lesion": 0.3645833333333335,
        "Edema": 0.610061064262867,
        "Consolidation": 0.6625945317044795,
        "Pneumonia": -0.05555555555555558,
        "Atelectasis": 0.5311653116531165,
        "Pneumothorax": -0.005050505050505083,
        "Pleural Effusion": 0.6401923395788427,
        "Pleural Other": 0.15816326530612246,
        "Fracture": 0.0,
        "Support Devices": 0.7549794815333799
    },
    "Youden-index_subset_mean": 0.6096803923865696,
    "Accuracy_per_class": {
        "No Finding": 0.78,
        "Enlarged Cardiomediastinum": 0.435,
        "Cardiomegaly": 0.795,
        "Lung Opacity": 0.355,
        "Lung Lesion": 0.735,
        "Edema": 0.775,
        "Consolidation": 0.88,
        "Pneumonia": 0.445,
        "Atelectasis": 0.74,
        "Pneumothorax": 0.985,
        "Pleural Effusion": 0.86,
        "Pleural Other": 0.175,
        "Fracture": 0.985,
        "Support Devices": 0.88
    },
    "Accuracy_subset_mean": 0.8099999999999999
}