{
    "AUROC": {
        "No Finding": 0.9011936339522547,
        "Enlarged Cardiomediastinum": 0.6580451127819549,
        "Cardiomegaly": 0.8026910900045228,
        "Lung Opacity": 0.3819786535303777,
        "Lung Lesion": 0.4974874371859297,
        "Edema": 0.8981314044605184,
        "Consolidation": 0.9040178571428572,
        "Pneumonia": 0.5904947916666666,
        "Atelectasis": 0.8257066666666667,
        "Pneumothorax": 0.8685567010309279,
        "Pleural Effusion": 0.9124540441176471,
        "Pleural Other": 0.21105527638190957,
        "Fracture": NaN,
        "Support Devices": 0.8930893089308931
    },
    "AUROC_subset_mean": 0.8686002124784423,
    "F1_per_class": {
        "No Finding": 0.5599999999999999,
        "Enlarged Cardiomediastinum": 0.7147766323024054,
        "Cardiomegaly": 0.64,
        "Lung Opacity": 0.625,
        "Lung Lesion": 0.01886792452830189,
        "Edema": 0.7047619047619047,
        "Consolidation": 0.6857142857142857,
        "Pneumonia": 0.23529411764705882,
        "Atelectasis": 0.7000000000000001,
        "Pneumothorax": 0.6666666666666666,
        "Pleural Effusion": 0.7652173913043478,
        "Pleural Other": 0.0,
        "Fracture": 0.0,
        "Support Devices": 0.8374384236453203
    },
    "F1_subset_mean": 0.6991387163561077,
    "Youden_per_class": {
        "No Finding": 0.4809902740937222,
        "Enlarged Cardiomediastinum": 0.12731829573934839,
        "Cardiomegaly": 0.45861601085481674,
        "Lung Opacity": -0.1124794745484401,
        "Lung Lesion": 0.4773869346733668,
        "Edema": 0.7163954189270645,
        "Consolidation": 0.6666666666666665,
        "Pneumonia": 0.21354166666666652,
        "Atelectasis": 0.5146666666666668,
        "Pneumothorax": 0.5,
        "Pleural Effusion": 0.6360294117647058,
        "Pleural Other": 0.0,
        "Fracture": -0.56,
        "Support Devices": 0.6704670467046705
    },
    "Youden-index_subset_mean": 0.5984748349759841,
    "Accuracy_per_class": {
        "No Finding": 0.89,
        "Enlarged Cardiomediastinum": 0.585,
        "Cardiomegaly": 0.73,
        "Lung Opacity": 0.49,
        "Lung Lesion": 0.48,
        "Edema": 0.845,
        "Consolidation": 0.89,
        "Pneumonia": 0.935,
        "Atelectasis": 0.76,
        "Pneumothorax": 0.985,
        "Pleural Effusion": 0.865,
        "Pleural Other": 0.995,
        "Fracture": 0.44,
        "Support Devices": 0.835
    },
    "Accuracy_subset_mean": 0.818
}