{
    "Atelectasis": 0.36266034841537476,
    "Cardiomegaly": 0.1709662675857544,
    "Consolidation": 0.21508759260177612,
    "Edema": 0.18146640062332153,
    "Pleural Effusion": 0.2029273808002472
}