{
    "Atelectasis": 0.43173015117645264,
    "Cardiomegaly": 0.3142533600330353,
    "Consolidation": 0.3111608028411865,
    "Edema": 0.37251123785972595,
    "Pleural Effusion": 0.2445039451122284
}