{
    "Atelectasis": 0.15751773118972778,
    "Cardiomegaly": 0.18591612577438354,
    "Consolidation": 0.20648856461048126,
    "Edema": 0.1815669983625412,
    "Pleural Effusion": 0.14705772697925568
}