{
    "Atelectasis": 0.19739952683448792,
    "Cardiomegaly": 0.19951540231704712,
    "Consolidation": 0.20439620316028595,
    "Edema": 0.18116547167301178,
    "Pleural Effusion": 0.1457483321428299
}