{
    "Atelectasis": 0.48212766647338867,
    "Cardiomegaly": 0.5318538546562195,
    "Consolidation": 0.440534383058548,
    "Edema": 0.4757956266403198,
    "Pleural Effusion": 0.4626505672931671
}