{
    "Atelectasis": 0.4887334406375885,
    "Cardiomegaly": 0.5248629450798035,
    "Consolidation": 0.45163851976394653,
    "Edema": 0.47507375478744507,
    "Pleural Effusion": 0.45483821630477905
}