{
    "Atelectasis": 0.5385299324989319,
    "Cardiomegaly": 0.550319254398346,
    "Consolidation": 0.4824694097042084,
    "Edema": 0.5184257626533508,
    "Pleural Effusion": 0.4755852222442627
}