{
    "Atelectasis": 0.46873629093170166,
    "Cardiomegaly": 0.22449055314064026,
    "Consolidation": 0.35810965299606323,
    "Edema": 0.29643678665161133,
    "Pleural Effusion": 0.2967875003814697
}