{
    "Atelectasis": 0.6286402940750122,
    "Cardiomegaly": 0.36246955394744873,
    "Consolidation": 0.45028531551361084,
    "Edema": 0.335285484790802,
    "Pleural Effusion": 0.29074329137802124
}