{
    "Atelectasis": 0.510286808013916,
    "Cardiomegaly": 0.24587178230285645,
    "Consolidation": 0.3354773223400116,
    "Edema": 0.2951953113079071,
    "Pleural Effusion": 0.29654717445373535
}