{
    "Atelectasis": 0.39378419518470764,
    "Cardiomegaly": 0.17336435616016388,
    "Consolidation": 0.21057350933551788,
    "Edema": 0.19612868130207062,
    "Pleural Effusion": 0.18160763382911682
}