{
    "Atelectasis": 0.4693085551261902,
    "Cardiomegaly": 0.5290449857711792,
    "Consolidation": 0.430746465921402,
    "Edema": 0.4620342254638672,
    "Pleural Effusion": 0.43734610080718994
}