{
    "Atelectasis": 0.49181726574897766,
    "Cardiomegaly": 0.5168324708938599,
    "Consolidation": 0.44675031304359436,
    "Edema": 0.49369895458221436,
    "Pleural Effusion": 0.4251860976219177
}