{
    "AUROC": {
        "No Finding": 0.8538961038961039,
        "Enlarged Cardiomediastinum": 0.7209846404231512,
        "Cardiomegaly": 0.8741065830721003,
        "Lung Opacity": 0.3982967572879135,
        "Lung Lesion": 0.708984375,
        "Edema": 0.9069496946786857,
        "Consolidation": 0.9325189063408958,
        "Pneumonia": 0.6287878787878788,
        "Atelectasis": 0.8523035230352303,
        "Pneumothorax": 0.8383838383838383,
        "Pleural Effusion": 0.942463936328967,
        "Pleural Other": 0.985969387755102,
        "Fracture": 0.8967851099830796,
        "Support Devices": 0.9580622560304274
    },
    "AUROC_subset_mean": 0.9016685286911758,
    "F1_per_class": {
        "No Finding": 0.6,
        "Enlarged Cardiomediastinum": 0.6126760563380282,
        "Cardiomegaly": 0.6956521739130435,
        "Lung Opacity": 0.5239852398523985,
        "Lung Lesion": 0.13186813186813184,
        "Edema": 0.5517241379310346,
        "Consolidation": 0.3703703703703704,
        "Pneumonia": 0.02439024390243903,
        "Atelectasis": 0.5625000000000001,
        "Pneumothorax": 0.0,
        "Pleural Effusion": 0.6506024096385542,
        "Pleural Other": 0.08695652173913045,
        "Fracture": 0.02955665024630542,
        "Support Devices": 0.8913043478260869
    },
    "F1_subset_mean": 0.5661698183706005,
    "Youden_per_class": {
        "No Finding": 0.4963297571993224,
        "Enlarged Cardiomediastinum": 0.026548672566371723,
        "Cardiomegaly": 0.6313479623824452,
        "Lung Opacity": 0.0,
        "Lung Lesion": 0.3489583333333335,
        "Edema": 0.7150334399534748,
        "Consolidation": 0.4874927283304247,
        "Pneumonia": 0.101010101010101,
        "Atelectasis": 0.5487804878048781,
        "Pneumothorax": -0.005050505050505083,
        "Pleural Effusion": 0.6131653125518155,
        "Pleural Other": 0.5714285714285714,
        "Fracture": 0.0,
        "Support Devices": 0.7968171354218798
    },
    "Youden-index_subset_mean": 0.5991639862046076,
    "Accuracy_per_class": {
        "No Finding": 0.8,
        "Enlarged Cardiomediastinum": 0.45,
        "Cardiomegaly": 0.79,
        "Lung Opacity": 0.355,
        "Lung Lesion": 0.605,
        "Edema": 0.87,
        "Consolidation": 0.915,
        "Pneumonia": 0.6,
        "Atelectasis": 0.79,
        "Pneumothorax": 0.985,
        "Pleural Effusion": 0.855,
        "Pleural Other": 0.58,
        "Fracture": 0.015,
        "Support Devices": 0.9
    },
    "Accuracy_subset_mean": 0.8440000000000001
}