{
    "Atelectasis": 0.4728257358074188,
    "Cardiomegaly": 0.4663611650466919,
    "Consolidation": 0.45917049050331116,
    "Edema": 0.46871933341026306,
    "Pleural Effusion": 0.47264522314071655
}