{
    "Atelectasis": 0.4756813049316406,
    "Cardiomegaly": 0.48842528462409973,
    "Consolidation": 0.46868687868118286,
    "Edema": 0.4865438938140869,
    "Pleural Effusion": 0.49175387620925903
}