{
    "Atelectasis": 0.3712417781352997,
    "Cardiomegaly": 0.6816415190696716,
    "Consolidation": 0.5808885097503662,
    "Edema": 0.693919837474823,
    "Pleaural Effusion": 0.7385311126708984
}