{
    "Atelectasis": 0.468892902135849,
    "Cardiomegaly": 0.821227490901947,
    "Consolidation": 0.7199732065200806,
    "Edema": 0.7890331745147705,
    "Pleaural Effusion": 0.7434291839599609
}