{
    "Atelectasis": 0.25867360830307007,
    "Cardiomegaly": 0.7242650389671326,
    "Consolidation": 0.6816135048866272,
    "Edema": 0.6726668477058411,
    "Pleaural Effusion": 0.7225111126899719
}