{
    "AUROC": {
        "No Finding": 0.9091511936339522,
        "Enlarged Cardiomediastinum": 0.6093233082706766,
        "Cardiomegaly": 0.7836951605608321,
        "Lung Opacity": 0.3442118226600985,
        "Lung Lesion": 0.4773869346733668,
        "Edema": 0.9076250753465942,
        "Consolidation": 0.9190848214285714,
        "Pneumonia": 0.7109375,
        "Atelectasis": 0.8213333333333335,
        "Pneumothorax": 0.8737113402061856,
        "Pleural Effusion": 0.9149816176470588,
        "Pleural Other": 0.9296482412060302,
        "Fracture": NaN,
        "Support Devices": 0.8947894789478948
    },
    "AUROC_subset_mean": 0.869344001663278,
    "F1_per_class": {
        "No Finding": 0.23423423423423423,
        "Enlarged Cardiomediastinum": 0.6936026936026936,
        "Cardiomegaly": 0.5614035087719298,
        "Lung Opacity": 0.7324840764331211,
        "Lung Lesion": 0.009950248756218907,
        "Edema": 0.35,
        "Consolidation": 0.3902439024390244,
        "Pneumonia": 0.17391304347826086,
        "Atelectasis": 0.5474452554744526,
        "Pneumothorax": 0.06451612903225806,
        "Pleural Effusion": 0.5203252032520326,
        "Pleural Other": 0.125,
        "Fracture": 0.0,
        "Support Devices": 0.6622073578595317
    },
    "F1_subset_mean": 0.47388357398748787,
    "Youden_per_class": {
        "No Finding": 0.02298850574712641,
        "Enlarged Cardiomediastinum": 0.0441102756892231,
        "Cardiomegaly": 0.23835368611488006,
        "Lung Opacity": 0.003284072249589487,
        "Lung Lesion": 0.0,
        "Edema": 0.012658227848101333,
        "Consolidation": 0.40476190476190466,
        "Pneumonia": 0.4635416666666665,
        "Atelectasis": 0.008000000000000007,
        "Pneumothorax": 0.10309278350515472,
        "Pleural Effusion": 0.13235294117647056,
        "Pleural Other": 0.9296482412060301,
        "Fracture": -0.38,
        "Support Devices": 0.0
    },
    "Youden-index_subset_mean": 0.15922535198027132,
    "Accuracy_per_class": {
        "No Finding": 0.15,
        "Enlarged Cardiomediastinum": 0.545,
        "Cardiomegaly": 0.5,
        "Lung Opacity": 0.58,
        "Lung Lesion": 0.005,
        "Edema": 0.22,
        "Consolidation": 0.5,
        "Pneumonia": 0.715,
        "Atelectasis": 0.38,
        "Pneumothorax": 0.13,
        "Pleural Effusion": 0.41,
        "Pleural Other": 0.93,
        "Fracture": 0.62,
        "Support Devices": 0.495
    },
    "Accuracy_subset_mean": 0.40199999999999997
}