{
    "Atelectasis": 0.3337445855140686,
    "Cardiomegaly": 0.4131137728691101,
    "Consolidation": 0.4274657666683197,
    "Edema": 0.4036093056201935,
    "Pleaural Effusion": 0.5739197134971619
}