{
    "AUROC": {
        "No Finding": 0.8883731211317418,
        "Enlarged Cardiomediastinum": 0.5680200501253132,
        "Cardiomegaly": 0.7224106739032112,
        "Lung Opacity": 0.34534072249589487,
        "Lung Lesion": 0.5376884422110553,
        "Edema": 0.8921036769138035,
        "Consolidation": 0.9146205357142858,
        "Pneumonia": 0.7096354166666667,
        "Atelectasis": 0.8045866666666668,
        "Pneumothorax": 0.8522336769759451,
        "Pleural Effusion": 0.9131433823529411,
        "Pleural Other": 0.9195979899497487,
        "Fracture": NaN,
        "Support Devices": 0.8920892089208922
    },
    "AUROC_subset_mean": 0.8493729871101816,
    "F1_per_class": {
        "No Finding": 0.5818181818181819,
        "Enlarged Cardiomediastinum": 0.6885245901639345,
        "Cardiomegaly": 0.5614035087719298,
        "Lung Opacity": 0.7341772151898733,
        "Lung Lesion": 0.021052631578947368,
        "Edema": 0.6666666666666667,
        "Consolidation": 0.6842105263157896,
        "Pneumonia": 0.19354838709677416,
        "Atelectasis": 0.6849315068493151,
        "Pneumothorax": 0.5454545454545454,
        "Pleural Effusion": 0.7555555555555555,
        "Pleural Other": 0.038461538461538464,
        "Fracture": 0.0,
        "Support Devices": 0.8571428571428572
    },
    "F1_subset_mean": 0.6705535528318514,
    "Youden_per_class": {
        "No Finding": 0.5406719717064545,
        "Enlarged Cardiomediastinum": 0.0,
        "Cardiomegaly": 0.3654454997738581,
        "Lung Opacity": 0.0,
        "Lung Lesion": 0.5326633165829144,
        "Edema": 0.6338155515370705,
        "Consolidation": 0.7053571428571428,
        "Pneumonia": 0.5,
        "Atelectasis": 0.4986666666666666,
        "Pneumothorax": 0.4896907216494846,
        "Pleural Effusion": 0.6498161764705883,
        "Pleural Other": 0.7487437185929648,
        "Fracture": 0.0,
        "Support Devices": 0.7104710471047104
    },
    "Youden-index_subset_mean": 0.5706202074610652,
    "Accuracy_per_class": {
        "No Finding": 0.885,
        "Enlarged Cardiomediastinum": 0.525,
        "Cardiomegaly": 0.75,
        "Lung Opacity": 0.58,
        "Lung Lesion": 0.535,
        "Edema": 0.835,
        "Consolidation": 0.88,
        "Pneumonia": 0.75,
        "Atelectasis": 0.77,
        "Pneumothorax": 0.975,
        "Pleural Effusion": 0.835,
        "Pleural Other": 0.75,
        "Fracture": 1.0,
        "Support Devices": 0.855
    },
    "Accuracy_subset_mean": 0.8140000000000001
}