,No Finding,Enlarged Cardiomediastinum,Cardiomegaly,Lung Opacity,Lung Lesion,Edema,Consolidation,Pneumonia,Atelectasis,Pneumothorax,Pleural Effusion,Pleural Other,Fracture,Support Devices
ModelA,0.2,0.2,0.2251231465496605,0.2,0.2,0.18946303946381804,0.22292635040800618,0.2,0.2581339463992471,0.2,0.20245938746424352,0.2,0.2,0.2
ModelB,0.2,0.2,0.1942494247791349,0.2,0.2,0.18643942679694875,0.23860331596206225,0.2,0.24388292059672786,0.2,0.2476800532457645,0.2,0.2,0.2
ModelC,0.2,0.2,0.1580215443800147,0.2,0.2,0.16605302668712907,0.19049323985859065,0.2,0.20548108568303478,0.2,0.16473882049085276,0.2,0.2,0.2
ModelD,0.2,0.2,0.2244420399852428,0.2,0.2,0.2161883588265684,0.18612617781272678,0.2,0.16478734322683028,0.2,0.1924429626615034,0.2,0.2,0.2
ModelE,0.2,0.2,0.1981638443059471,0.2,0.2,0.24185614822553575,0.16185091595861417,0.2,0.12771470409416003,0.2,0.19267877613763582,0.2,0.2,0.2
