{
    "Atelectasis": 0.5144652128219604,
    "Cardiomegaly": 0.530434250831604,
    "Consolidation": 0.4656033515930176,
    "Edema": 0.4984942078590393,
    "Pleural Effusion": 0.464277058839798
}