{
    "Atelectasis": 0.4774794578552246,
    "Cardiomegaly": 0.5145336985588074,
    "Consolidation": 0.44542232155799866,
    "Edema": 0.4633351266384125,
    "Pleural Effusion": 0.4448278844356537
}