{
    "Atelectasis": 0.497285932302475,
    "Cardiomegaly": 0.5531878471374512,
    "Consolidation": 0.4591233432292938,
    "Edema": 0.4920773506164551,
    "Pleural Effusion": 0.48214223980903625
}