{
    "Atelectasis": 0.4982393980026245,
    "Cardiomegaly": 0.5539991855621338,
    "Consolidation": 0.45955368876457214,
    "Edema": 0.49270200729370117,
    "Pleural Effusion": 0.48292019963264465
}