{
    "AUROC": {
        "No Finding": 0.8545238095238095,
        "Enlarged Cardiomediastinum": 0.6553846153846153,
        "Cardiomegaly": 0.8003090659340658,
        "Lung Opacity": 0.4195086175284195,
        "Lung Lesion": 0.38961038961038963,
        "Edema": 0.8769565217391304,
        "Consolidation": 0.928,
        "Pneumonia": 0.695578231292517,
        "Atelectasis": 0.8539570757880617,
        "Pneumothorax": 0.7389455782312925,
        "Pleural Effusion": 0.916103803768219,
        "Pleural Other": 0.8831168831168831,
        "Fracture": NaN,
        "Support Devices": 0.9318942436412316
    },
    "AUROC_subset_mean": 0.8750652934458953,
    "F1_per_class": {
        "No Finding": 0.6105263157894737,
        "Enlarged Cardiomediastinum": 0.7433628318584071,
        "Cardiomegaly": 0.7,
        "Lung Opacity": 0.7890625,
        "Lung Lesion": 0.020408163265306124,
        "Edema": 0.7254901960784315,
        "Consolidation": 0.7419354838709677,
        "Pneumonia": 0.20689655172413796,
        "Atelectasis": 0.779874213836478,
        "Pneumothorax": 0.5454545454545454,
        "Pleural Effusion": 0.822429906542056,
        "Pleural Other": 0.038461538461538464,
        "Fracture": 0.0,
        "Support Devices": 0.8823529411764707
    },
    "F1_subset_mean": 0.7539459600655867,
    "Youden_per_class": {
        "No Finding": 0.5702380952380954,
        "Enlarged Cardiomediastinum": 0.1333333333333333,
        "Cardiomegaly": 0.46892170329670346,
        "Lung Opacity": 0.0,
        "Lung Lesion": 0.37662337662337664,
        "Edema": 0.7076086956521741,
        "Consolidation": 0.6946666666666668,
        "Pneumonia": 0.25255102040816313,
        "Atelectasis": 0.5637156270959087,
        "Pneumothorax": 0.375,
        "Pleural Effusion": 0.707074297902595,
        "Pleural Other": 0.6753246753246753,
        "Fracture": 0.0,
        "Support Devices": 0.7369477911646587
    },
    "Youden-index_subset_mean": 0.6283973981228097,
    "Accuracy_per_class": {
        "No Finding": 0.7612903225806451,
        "Enlarged Cardiomediastinum": 0.6258064516129033,
        "Cardiomegaly": 0.7290322580645161,
        "Lung Opacity": 0.6516129032258065,
        "Lung Lesion": 0.38064516129032255,
        "Edema": 0.8193548387096774,
        "Consolidation": 0.896774193548387,
        "Pneumonia": 0.8516129032258064,
        "Atelectasis": 0.7741935483870968,
        "Pneumothorax": 0.967741935483871,
        "Pleural Effusion": 0.8774193548387097,
        "Pleural Other": 0.6774193548387096,
        "Fracture": 1.0,
        "Support Devices": 0.8709677419354839
    },
    "Accuracy_subset_mean": 0.8193548387096774
}