{
    "Atelectasis": 0.6083459854125977,
    "Cardiomegaly": 0.2806059420108795,
    "Consolidation": 0.34083840250968933,
    "Edema": 0.2839620113372803,
    "Pleural Effusion": 0.310650110244751
}