{
    "Atelectasis": 0.49824392795562744,
    "Cardiomegaly": 0.28726983070373535,
    "Consolidation": 0.3587741553783417,
    "Edema": 0.33564314246177673,
    "Pleural Effusion": 0.23882508277893066
}