{
    "AUROC": {
        "No Finding": 0.6274703557312252,
        "Enlarged Cardiomediastinum": 0.5,
        "Cardiomegaly": 0.8319749216300941,
        "Lung Opacity": 0.5,
        "Lung Lesion": 0.748046875,
        "Edema": 0.8781622564699041,
        "Consolidation": 0.8641652123327516,
        "Pneumonia": 0.5,
        "Atelectasis": 0.8018292682926831,
        "Pneumothorax": 0.49242424242424243,
        "Pleural Effusion": 0.9050737854418835,
        "Pleural Other": 0.5,
        "Fracture": 0.5,
        "Support Devices": 0.8931037934140729
    },
    "AUROC_subset_mean": 0.8562410888334633,
    "F1_per_class": {
        "No Finding": 0.1923076923076923,
        "Enlarged Cardiomediastinum": 0.0,
        "Cardiomegaly": 0.656934306569343,
        "Lung Opacity": 0.0,
        "Lung Lesion": 0.19672131147540986,
        "Edema": 0.5306122448979592,
        "Consolidation": 0.33333333333333326,
        "Pneumonia": 0.0,
        "Atelectasis": 0.4675324675324676,
        "Pneumothorax": 0.0,
        "Pleural Effusion": 0.6451612903225806,
        "Pleural Other": 0.0,
        "Fracture": 0.0,
        "Support Devices": 0.8048780487804879
    },
    "F1_subset_mean": 0.5267147285311367,
    "Youden_per_class": {
        "No Finding": 0.10220214568040653,
        "Enlarged Cardiomediastinum": 0.0,
        "Cardiomegaly": 0.5630094043887148,
        "Lung Opacity": 0.0,
        "Lung Lesion": 0.5052083333333335,
        "Edema": 0.5902878743820879,
        "Consolidation": 0.4717859220477023,
        "Pneumonia": 0.0,
        "Atelectasis": 0.3597560975609757,
        "Pneumothorax": 0.0,
        "Pleural Effusion": 0.6513016083568233,
        "Pleural Other": 0.0,
        "Fracture": 0.0,
        "Support Devices": 0.670703633269943
    },
    "Youden-index_subset_mean": 0.5272281813472608,
    "Accuracy_per_class": {
        "No Finding": 0.79,
        "Enlarged Cardiomediastinum": 0.565,
        "Cardiomegaly": 0.765,
        "Lung Opacity": 0.645,
        "Lung Lesion": 0.755,
        "Edema": 0.885,
        "Consolidation": 0.9,
        "Pneumonia": 0.99,
        "Atelectasis": 0.795,
        "Pneumothorax": 0.99,
        "Pleural Effusion": 0.835,
        "Pleural Other": 0.98,
        "Fracture": 0.985,
        "Support Devices": 0.84
    },
    "Accuracy_subset_mean": 0.836
}