{
    "Atelectasis": 0.3863011300563812,
    "Cardiomegaly": 0.3474971354007721,
    "Consolidation": 0.338447630405426,
    "Edema": 0.45491111278533936,
    "Pleural Effusion": 0.416775643825531
}