{
    "Atelectasis": 0.3986334800720215,
    "Cardiomegaly": 0.37848660349845886,
    "Consolidation": 0.35454773902893066,
    "Edema": 0.4244582951068878,
    "Pleural Effusion": 0.3771054744720459
}