{
    "AUROC": {
        "No Finding": 0.8826226248342908,
        "Enlarged Cardiomediastinum": 0.525331647757277,
        "Cardiomegaly": 0.8198542666843773,
        "Lung Opacity": 0.5,
        "Lung Lesion": 0.5720274390243902,
        "Edema": 0.8446500182282173,
        "Consolidation": 0.8032432828171902,
        "Pneumonia": 0.597508830637665,
        "Atelectasis": 0.7784370232242752,
        "Pneumothorax": 0.8523421588594705,
        "Pleural Effusion": 0.9060678904428905,
        "Pleural Other": 0.9768145161290323,
        "Fracture": 0.5,
        "Support Devices": 0.9121018291412174
    },
    "AUROC_subset_mean": 0.8304504962793902,
    "F1_per_class": {
        "No Finding": 0.22064056939501778,
        "Enlarged Cardiomediastinum": 0.6719787516600265,
        "Cardiomegaly": 0.4639016897081413,
        "Lung Opacity": 0.6910994764397906,
        "Lung Lesion": 0.031496062992125984,
        "Edema": 0.2698961937716263,
        "Consolidation": 0.10964083175803403,
        "Pneumonia": 0.043052837573385516,
        "Atelectasis": 0.5769980506822612,
        "Pneumothorax": 0.03536345776031434,
        "Pleural Effusion": 0.3443708609271523,
        "Pleural Other": 0.015873015873015872,
        "Fracture": 0.019801980198019802,
        "Support Devices": 0.6859395532194481
    },
    "F1_subset_mean": 0.352961525369443,
    "Youden_per_class": {
        "No Finding": 0.0,
        "Enlarged Cardiomediastinum": 0.0,
        "Cardiomegaly": 0.0,
        "Lung Opacity": 0.0,
        "Lung Lesion": 0.0,
        "Edema": 0.0,
        "Consolidation": 0.0,
        "Pneumonia": 0.0,
        "Atelectasis": 0.3563692527923754,
        "Pneumothorax": 0.0,
        "Pleural Effusion": 0.0,
        "Pleural Other": 0.0,
        "Fracture": 0.0,
        "Support Devices": 0.0
    },
    "Youden-index_subset_mean": 0.07127385055847509,
    "Accuracy_per_class": {
        "No Finding": 0.124,
        "Enlarged Cardiomediastinum": 0.506,
        "Cardiomegaly": 0.302,
        "Lung Opacity": 0.528,
        "Lung Lesion": 0.016,
        "Edema": 0.156,
        "Consolidation": 0.058,
        "Pneumonia": 0.022,
        "Atelectasis": 0.566,
        "Pneumothorax": 0.018,
        "Pleural Effusion": 0.208,
        "Pleural Other": 0.008,
        "Fracture": 0.01,
        "Support Devices": 0.522
    },
    "Accuracy_subset_mean": 0.25799999999999995
}