{
    "AUROC": {
        "No Finding": 0.9131299734748011,
        "Enlarged Cardiomediastinum": 0.5507769423558898,
        "Cardiomegaly": 0.7572365445499774,
        "Lung Opacity": 0.5,
        "Lung Lesion": 0.8542713567839196,
        "Edema": 0.9143309222423146,
        "Consolidation": 0.9035528273809523,
        "Pneumonia": 0.6572265625,
        "Atelectasis": 0.8157333333333334,
        "Pneumothorax": 0.8273195876288661,
        "Pleural Effusion": 0.899758731617647,
        "Pleural Other": 0.9924623115577889,
        "Fracture": NaN,
        "Support Devices": 0.8736873687368736
    },
    "AUROC_subset_mean": 0.858122471824845,
    "F1_per_class": {
        "No Finding": 0.5866666666666667,
        "Enlarged Cardiomediastinum": 0.6971830985915493,
        "Cardiomegaly": 0.6433566433566433,
        "Lung Opacity": 0.7341772151898733,
        "Lung Lesion": 0.03333333333333333,
        "Edema": 0.7032967032967032,
        "Consolidation": 0.7272727272727272,
        "Pneumonia": 0.23529411764705882,
        "Atelectasis": 0.7073170731707319,
        "Pneumothorax": 0.6,
        "Pleural Effusion": 0.823529411764706,
        "Pleural Other": 0.4,
        "Fracture": 0.0,
        "Support Devices": 0.823529411764706
    },
    "F1_subset_mean": 0.7209545117723024,
    "Youden_per_class": {
        "No Finding": 0.6909814323607426,
        "Enlarged Cardiomediastinum": 0.10075187969924815,
        "Cardiomegaly": 0.4656264133876076,
        "Lung Opacity": 0.0,
        "Lung Lesion": 0.708542713567839,
        "Edema": 0.654309825195901,
        "Consolidation": 0.6904761904761905,
        "Pneumonia": 0.21354166666666652,
        "Atelectasis": 0.5253333333333332,
        "Pneumothorax": 0.4948453608247423,
        "Pleural Effusion": 0.7573529411764706,
        "Pleural Other": 0.9849246231155779,
        "Fracture": -1.0,
        "Support Devices": 0.6405640564056405
    },
    "Youden-index_subset_mean": 0.6186197407139006,
    "Accuracy_per_class": {
        "No Finding": 0.845,
        "Enlarged Cardiomediastinum": 0.57,
        "Cardiomegaly": 0.745,
        "Lung Opacity": 0.58,
        "Lung Lesion": 0.71,
        "Edema": 0.865,
        "Consolidation": 0.91,
        "Pneumonia": 0.935,
        "Atelectasis": 0.76,
        "Pneumothorax": 0.98,
        "Pleural Effusion": 0.88,
        "Pleural Other": 0.985,
        "Fracture": 0.0,
        "Support Devices": 0.82
    },
    "Accuracy_subset_mean": 0.8320000000000001,
    "Best a": 0.03,
    "Best b": 0.11
}