{
    "Atelectasis": 0.31016844511032104,
    "Cardiomegaly": 0.13732385635375977,
    "Consolidation": 0.1581999957561493,
    "Edema": 0.12160632014274597,
    "Pleural Effusion": 0.11412613838911057
}