{
    "AUROC": {
        "No Finding": 0.8512140033879165,
        "Enlarged Cardiomediastinum": 0.7200691689553453,
        "Cardiomegaly": 0.8734796238244514,
        "Lung Opacity": 0.382902063544055,
        "Lung Lesion": 0.7317708333333334,
        "Edema": 0.9031695260250072,
        "Consolidation": 0.9383362420011634,
        "Pneumonia": 0.46969696969696967,
        "Atelectasis": 0.8584010840108401,
        "Pneumothorax": 0.7247474747474748,
        "Pleural Effusion": 0.8879124523296302,
        "Pleural Other": 0.9349489795918368,
        "Fracture": 0.649746192893401,
        "Support Devices": 0.9547592833550195
    },
    "AUROC_subset_mean": 0.8922597856382184,
    "F1_per_class": {
        "No Finding": 0.5964912280701754,
        "Enlarged Cardiomediastinum": 0.6062717770034843,
        "Cardiomegaly": 0.6880000000000002,
        "Lung Opacity": 0.5239852398523985,
        "Lung Lesion": 0.14925373134328357,
        "Edema": 0.4999999999999999,
        "Consolidation": 0.42424242424242425,
        "Pneumonia": 0.019417475728155338,
        "Atelectasis": 0.49152542372881347,
        "Pneumothorax": 0.0,
        "Pleural Effusion": 0.608695652173913,
        "Pleural Other": 0.047058823529411764,
        "Fracture": 0.0,
        "Support Devices": 0.8972972972972973
    },
    "F1_subset_mean": 0.5424927000290303,
    "Youden_per_class": {
        "No Finding": 0.5183512140033879,
        "Enlarged Cardiomediastinum": 0.0,
        "Cardiomegaly": 0.5956112852664577,
        "Lung Opacity": 0.0,
        "Lung Lesion": 0.34375,
        "Edema": 0.6458272753707472,
        "Consolidation": 0.6887725421756836,
        "Pneumonia": -0.005050505050504972,
        "Atelectasis": 0.48238482384823866,
        "Pneumothorax": -0.005050505050505083,
        "Pleural Effusion": 0.5911125849776155,
        "Pleural Other": 0.17346938775510212,
        "Fracture": 0.0,
        "Support Devices": 0.8071264137723952
    },
    "Youden-index_subset_mean": 0.6007417023277485,
    "Accuracy_per_class": {
        "No Finding": 0.77,
        "Enlarged Cardiomediastinum": 0.435,
        "Cardiomegaly": 0.805,
        "Lung Opacity": 0.355,
        "Lung Lesion": 0.715,
        "Edema": 0.85,
        "Consolidation": 0.905,
        "Pneumonia": 0.495,
        "Atelectasis": 0.7,
        "Pneumothorax": 0.985,
        "Pleural Effusion": 0.82,
        "Pleural Other": 0.19,
        "Fracture": 0.985,
        "Support Devices": 0.905
    },
    "Accuracy_subset_mean": 0.8160000000000001
}