{
    "Atelectasis": 0.519166886806488,
    "Cardiomegaly": 0.5037755966186523,
    "Consolidation": 0.4434798061847687,
    "Edema": 0.4972478747367859,
    "Pleural Effusion": 0.4128018617630005
}