{
    "Atelectasis": 0.5750747323036194,
    "Cardiomegaly": 0.22557255625724792,
    "Consolidation": 0.27990761399269104,
    "Edema": 0.2406928539276123,
    "Pleural Effusion": 0.20941472053527832
}