{
    "Atelectasis": 0.6324946880340576,
    "Cardiomegaly": 0.2642434537410736,
    "Consolidation": 0.34367966651916504,
    "Edema": 0.2702992856502533,
    "Pleural Effusion": 0.30329629778862
}