{
    "Atelectasis": 0.6612332463264465,
    "Cardiomegaly": 0.2881821095943451,
    "Consolidation": 0.3533228039741516,
    "Edema": 0.2678738534450531,
    "Pleural Effusion": 0.24515816569328308
}