{
    "Atelectasis": 0.2578074336051941,
    "Cardiomegaly": 0.2082604616880417,
    "Consolidation": 0.2303386926651001,
    "Edema": 0.27649155259132385,
    "Pleural Effusion": 0.18296973407268524
}