{
    "Atelectasis": 0.2573056221008301,
    "Cardiomegaly": 0.20774753391742706,
    "Consolidation": 0.22979110479354858,
    "Edema": 0.2760031223297119,
    "Pleural Effusion": 0.18265202641487122
}