{
    "Atelectasis": 0.4953744411468506,
    "Cardiomegaly": 0.47921982407569885,
    "Consolidation": 0.41636598110198975,
    "Edema": 0.4831274449825287,
    "Pleural Effusion": 0.39618033170700073
}