{
    "AUROC": {
        "No Finding": 0.9091511936339522,
        "Enlarged Cardiomediastinum": 0.6093233082706766,
        "Cardiomegaly": 0.7792853912256897,
        "Lung Opacity": 0.3442118226600985,
        "Lung Lesion": 0.4773869346733668,
        "Edema": 0.9035563592525617,
        "Consolidation": 0.9166666666666667,
        "Pneumonia": 0.7109375,
        "Atelectasis": 0.8301866666666667,
        "Pneumothorax": 0.8737113402061856,
        "Pleural Effusion": 0.9146369485294117,
        "Pleural Other": 0.9296482412060302,
        "Fracture": NaN,
        "Support Devices": 0.8947894789478948
    },
    "AUROC_subset_mean": 0.8688664064681995,
    "F1_per_class": {
        "No Finding": 0.5641025641025641,
        "Enlarged Cardiomediastinum": 0.6936026936026936,
        "Cardiomegaly": 0.6301369863013698,
        "Lung Opacity": 0.7341772151898733,
        "Lung Lesion": 0.013333333333333332,
        "Edema": 0.7238095238095238,
        "Consolidation": 0.6956521739130435,
        "Pneumonia": 0.16216216216216214,
        "Atelectasis": 0.7045454545454546,
        "Pneumothorax": 0.6666666666666666,
        "Pleural Effusion": 0.7863247863247864,
        "Pleural Other": 0.11764705882352941,
        "Fracture": 0.0,
        "Support Devices": 0.8073394495412844
    },
    "F1_subset_mean": 0.7080937849788356,
    "Youden_per_class": {
        "No Finding": 0.6737400530503979,
        "Enlarged Cardiomediastinum": 0.0441102756892231,
        "Cardiomegaly": 0.4432383536861151,
        "Lung Opacity": 0.0,
        "Lung Lesion": 0.25628140703517577,
        "Edema": 0.7465340566606389,
        "Consolidation": 0.6726190476190477,
        "Pneumonia": 0.4375,
        "Atelectasis": 0.5146666666666666,
        "Pneumothorax": 0.5,
        "Pleural Effusion": 0.6672794117647058,
        "Pleural Other": 0.9246231155778895,
        "Fracture": -1.0,
        "Support Devices": 0.5819581958195819
    },
    "Youden-index_subset_mean": 0.6088675072794348,
    "Accuracy_per_class": {
        "No Finding": 0.83,
        "Enlarged Cardiomediastinum": 0.545,
        "Cardiomegaly": 0.73,
        "Lung Opacity": 0.58,
        "Lung Lesion": 0.26,
        "Edema": 0.855,
        "Consolidation": 0.895,
        "Pneumonia": 0.69,
        "Atelectasis": 0.74,
        "Pneumothorax": 0.985,
        "Pleural Effusion": 0.875,
        "Pleural Other": 0.925,
        "Fracture": 0.0,
        "Support Devices": 0.79
    },
    "Accuracy_subset_mean": 0.8190000000000002
}