{
    "Atelectasis": 0.43172213435173035,
    "Cardiomegaly": 0.3142460882663727,
    "Consolidation": 0.31115421652793884,
    "Edema": 0.37250399589538574,
    "Pleural Effusion": 0.2444976419210434
}