{
    "AUROC": {
        "No Finding": 0.9091511936339522,
        "Enlarged Cardiomediastinum": 0.6093233082706766,
        "Cardiomegaly": 0.7746494798733604,
        "Lung Opacity": 0.3442118226600985,
        "Lung Lesion": 0.4773869346733668,
        "Edema": 0.8886377335744424,
        "Consolidation": 0.9170386904761905,
        "Pneumonia": 0.7109375,
        "Atelectasis": 0.8133333333333334,
        "Pneumothorax": 0.8737113402061856,
        "Pleural Effusion": 0.9123391544117647,
        "Pleural Other": 0.9296482412060302,
        "Fracture": NaN,
        "Support Devices": 0.8947894789478948
    },
    "AUROC_subset_mean": 0.8611996783338182,
    "F1_per_class": {
        "No Finding": 0.23008849557522126,
        "Enlarged Cardiomediastinum": 0.6885245901639345,
        "Cardiomegaly": 0.49624060150375937,
        "Lung Opacity": 0.7341772151898733,
        "Lung Lesion": 0.009950248756218907,
        "Edema": 0.34710743801652894,
        "Consolidation": 0.2758620689655173,
        "Pneumonia": 0.07692307692307693,
        "Atelectasis": 0.5454545454545454,
        "Pneumothorax": 0.058252427184466014,
        "Pleural Effusion": 0.48484848484848486,
        "Pleural Other": 0.009950248756218907,
        "Fracture": 0.0,
        "Support Devices": 0.6622073578595317
    },
    "F1_subset_mean": 0.4299026277577672,
    "Youden_per_class": {
        "No Finding": 0.0,
        "Enlarged Cardiomediastinum": 0.0,
        "Cardiomegaly": 0.0,
        "Lung Opacity": 0.0,
        "Lung Lesion": 0.0,
        "Edema": 0.0,
        "Consolidation": 0.0,
        "Pneumonia": 0.0,
        "Atelectasis": 0.0,
        "Pneumothorax": 0.0,
        "Pleural Effusion": 0.0,
        "Pleural Other": 0.0,
        "Fracture": -1.0,
        "Support Devices": 0.0
    },
    "Youden-index_subset_mean": 0.0,
    "Accuracy_per_class": {
        "No Finding": 0.13,
        "Enlarged Cardiomediastinum": 0.525,
        "Cardiomegaly": 0.33,
        "Lung Opacity": 0.58,
        "Lung Lesion": 0.005,
        "Edema": 0.21,
        "Consolidation": 0.16,
        "Pneumonia": 0.04,
        "Atelectasis": 0.375,
        "Pneumothorax": 0.03,
        "Pleural Effusion": 0.32,
        "Pleural Other": 0.005,
        "Fracture": 0.0,
        "Support Devices": 0.495
    },
    "Accuracy_subset_mean": 0.279,
    "grid_search": {
        "best_a": 4.3,
        "best_b": 1.7000000000000002,
        "best_f1_subset_mean": 0.7153107647808218
    }
}