{
    "Atelectasis": 0.16377386450767517,
    "Cardiomegaly": 0.65814208984375,
    "Consolidation": 0.6200708746910095,
    "Edema": 0.6284193396568298,
    "Pleural Effusion": 0.6585115790367126
}