{
    "AUROC": {
        "No Finding": 0.8478260869565217,
        "Enlarged Cardiomediastinum": 0.6962669107923916,
        "Cardiomegaly": 0.8639498432601881,
        "Lung Opacity": 0.4707937547767223,
        "Lung Lesion": 0.7278645833333335,
        "Edema": 0.9005524861878453,
        "Consolidation": 0.8976148923792904,
        "Pneumonia": 0.654040404040404,
        "Atelectasis": 0.8455284552845529,
        "Pneumothorax": 0.6515151515151515,
        "Pleural Effusion": 0.898690101144089,
        "Pleural Other": 0.9030612244897959,
        "Fracture": 0.7529610829103215,
        "Support Devices": 0.9481533380042038
    },
    "AUROC_subset_mean": 0.8812671556511932,
    "F1_per_class": {
        "No Finding": 0.0,
        "Enlarged Cardiomediastinum": 0.0,
        "Cardiomegaly": 0.0,
        "Lung Opacity": 0.0,
        "Lung Lesion": 0.09523809523809523,
        "Edema": 0.1904761904761905,
        "Consolidation": 0.0,
        "Pneumonia": 0.0,
        "Atelectasis": 0.0,
        "Pneumothorax": 0.0,
        "Pleural Effusion": 0.27906976744186046,
        "Pleural Other": 0.0,
        "Fracture": 0.0,
        "Support Devices": 0.8439306358381503
    },
    "F1_subset_mean": 0.09390919158361019,
    "Youden_per_class": {
        "No Finding": 0.0,
        "Enlarged Cardiomediastinum": 0.0,
        "Cardiomegaly": 0.0,
        "Lung Opacity": 0.0,
        "Lung Lesion": 0.08333333333333348,
        "Edema": 0.10526315789473673,
        "Consolidation": 0.0,
        "Pneumonia": 0.0,
        "Atelectasis": 0.0,
        "Pneumothorax": 0.0,
        "Pleural Effusion": 0.16216216216216228,
        "Pleural Other": 0.0,
        "Fracture": 0.0,
        "Support Devices": 0.7234511059953959
    },
    "Youden-index_subset_mean": 0.0534850640113798,
    "Accuracy_per_class": {
        "No Finding": 0.77,
        "Enlarged Cardiomediastinum": 0.565,
        "Cardiomegaly": 0.725,
        "Lung Opacity": 0.645,
        "Lung Lesion": 0.81,
        "Edema": 0.915,
        "Consolidation": 0.955,
        "Pneumonia": 0.99,
        "Atelectasis": 0.82,
        "Pneumothorax": 0.99,
        "Pleural Effusion": 0.845,
        "Pleural Other": 0.98,
        "Fracture": 0.985,
        "Support Devices": 0.865
    },
    "Accuracy_subset_mean": 0.852
}