{
    "Atelectasis": 0.4433199465274811,
    "Cardiomegaly": 0.7420839667320251,
    "Consolidation": 0.6476672291755676,
    "Edema": 0.7600508332252502,
    "Pleaural Effusion": 0.7945325970649719
}