{
    "AUROC": {
        "No Finding": 0.9091511936339522,
        "Enlarged Cardiomediastinum": 0.6093233082706766,
        "Cardiomegaly": 0.7800768882858435,
        "Lung Opacity": 0.3442118226600985,
        "Lung Lesion": 0.4773869346733668,
        "Edema": 0.904460518384569,
        "Consolidation": 0.9159226190476191,
        "Pneumonia": 0.7109375,
        "Atelectasis": 0.8305066666666666,
        "Pneumothorax": 0.8737113402061856,
        "Pleural Effusion": 0.9149816176470588,
        "Pleural Other": 0.9296482412060302,
        "Fracture": NaN,
        "Support Devices": 0.8947894789478948
    },
    "AUROC_subset_mean": 0.8691896620063513,
    "F1_per_class": {
        "No Finding": 0.3969465648854962,
        "Enlarged Cardiomediastinum": 0.6936026936026936,
        "Cardiomegaly": 0.6344827586206897,
        "Lung Opacity": 0.7341772151898733,
        "Lung Lesion": 0.010050251256281409,
        "Edema": 0.4852071005917159,
        "Consolidation": 0.7042253521126761,
        "Pneumonia": 0.16,
        "Atelectasis": 0.6910994764397906,
        "Pneumothorax": 0.3,
        "Pleural Effusion": 0.7142857142857143,
        "Pleural Other": 0.1111111111111111,
        "Fracture": 0.0,
        "Support Devices": 0.6875000000000001
    },
    "F1_subset_mean": 0.6458600804101173,
    "Youden_per_class": {
        "No Finding": 0.5459770114942528,
        "Enlarged Cardiomediastinum": 0.0441102756892231,
        "Cardiomegaly": 0.45070104025327895,
        "Lung Opacity": 0.0,
        "Lung Lesion": 0.01005025125628145,
        "Edema": 0.4318866787221216,
        "Consolidation": 0.6979166666666665,
        "Pneumonia": 0.4322916666666665,
        "Atelectasis": 0.48,
        "Pneumothorax": 0.44329896907216493,
        "Pleural Effusion": 0.6139705882352942,
        "Pleural Other": 0.9195979899497488,
        "Fracture": -1.0,
        "Support Devices": 0.10891089108910901
    },
    "Youden-index_subset_mean": 0.5348949947754722,
    "Accuracy_per_class": {
        "No Finding": 0.605,
        "Enlarged Cardiomediastinum": 0.545,
        "Cardiomegaly": 0.735,
        "Lung Opacity": 0.58,
        "Lung Lesion": 0.015,
        "Edema": 0.565,
        "Consolidation": 0.895,
        "Pneumonia": 0.685,
        "Atelectasis": 0.705,
        "Pneumothorax": 0.93,
        "Pleural Effusion": 0.76,
        "Pleural Other": 0.92,
        "Fracture": 0.0,
        "Support Devices": 0.55
    },
    "Accuracy_subset_mean": 0.732
}