{
    "Atelectasis": 0.3970235586166382,
    "Cardiomegaly": 0.2937740981578827,
    "Consolidation": 0.2958163022994995,
    "Edema": 0.3500208258628845,
    "Pleural Effusion": 0.23014236986637115
}