{
    "Atelectasis": 0.4892411530017853,
    "Cardiomegaly": 0.7993239760398865,
    "Consolidation": 0.7560668587684631,
    "Edema": 0.8231813907623291,
    "Pleural Effusion": 0.8228986859321594
}