{
    "Atelectasis": 0.4022637903690338,
    "Cardiomegaly": 0.3607303500175476,
    "Consolidation": 0.3850392997264862,
    "Edema": 0.3726460635662079,
    "Pleaural Effusion": 0.37372758984565735
}