{
    "Atelectasis": 0.30673590302467346,
    "Cardiomegaly": 0.7321916818618774,
    "Consolidation": 0.6911717653274536,
    "Edema": 0.7368728518486023,
    "Pleural Effusion": 0.6478071212768555
}