{
    "Atelectasis": 0.2882179915904999,
    "Cardiomegaly": 0.740166187286377,
    "Consolidation": 0.7242589592933655,
    "Edema": 0.7017729878425598,
    "Pleural Effusion": 0.758577287197113
}