{
    "Atelectasis": 0.5694684386253357,
    "Cardiomegaly": 0.5820878148078918,
    "Consolidation": 0.5181905627250671,
    "Edema": 0.567083477973938,
    "Pleaural Effusion": 0.5456722974777222
}