{
    "Atelectasis": 0.3012729287147522,
    "Cardiomegaly": 0.25245046615600586,
    "Consolidation": 0.3070344924926758,
    "Edema": 0.30756324529647827,
    "Pleaural Effusion": 0.24579447507858276
}