{
    "Atelectasis": 0.2584496736526489,
    "Cardiomegaly": 0.28848838806152344,
    "Consolidation": 0.22584140300750732,
    "Edema": 0.25927796959877014,
    "Pleural Effusion": 0.2021624594926834
}