{
    "AUROC": {
        "No Finding": 0.9079393135955223,
        "Enlarged Cardiomediastinum": 0.649741562785041,
        "Cardiomegaly": 0.8755763866487031,
        "Lung Opacity": 0.3372977657935285,
        "Lung Lesion": 0.5746951219512195,
        "Edema": 0.8773544780653786,
        "Consolidation": 0.8489640530053445,
        "Pneumonia": 0.6291132180702732,
        "Atelectasis": 0.802546570981899,
        "Pneumothorax": 0.8676171079429734,
        "Pleural Effusion": 0.9363344988344988,
        "Pleural Other": 0.9924395161290323,
        "Fracture": 0.7866666666666666,
        "Support Devices": 0.9313070103720804
    },
    "AUROC_subset_mean": 0.8681551975071647,
    "F1_per_class": {
        "No Finding": 0.5957446808510638,
        "Enlarged Cardiomediastinum": 0.6648648648648648,
        "Cardiomegaly": 0.7021276595744681,
        "Lung Opacity": 0.6910994764397906,
        "Lung Lesion": 0.04166666666666666,
        "Edema": 0.5551020408163265,
        "Consolidation": 0.328125,
        "Pneumonia": 0.05240174672489083,
        "Atelectasis": 0.564935064935065,
        "Pneumothorax": 0.2105263157894737,
        "Pleural Effusion": 0.6940298507462687,
        "Pleural Other": 0.04166666666666667,
        "Fracture": 0.019801980198019802,
        "Support Devices": 0.8560157790927021
    },
    "F1_subset_mean": 0.5688639232144256,
    "Youden_per_class": {
        "No Finding": 0.5929444689939607,
        "Enlarged Cardiomediastinum": -0.0033764862140147622,
        "Cardiomegaly": 0.6076965407313231,
        "Lung Opacity": 0.0,
        "Lung Lesion": 0.19308943089430897,
        "Edema": 0.6371977153967676,
        "Consolidation": 0.5585328354930814,
        "Pneumonia": 0.1119167131437071,
        "Atelectasis": 0.37266203311295687,
        "Pneumothorax": 0.2059289431998188,
        "Pleural Effusion": 0.7149378399378401,
        "Pleural Other": 0.629032258064516,
        "Fracture": 0.0,
        "Support Devices": 0.7100787123871815
    },
    "Youden-index_subset_mean": 0.5782053929343938,
    "Accuracy_per_class": {
        "No Finding": 0.886,
        "Enlarged Cardiomediastinum": 0.504,
        "Cardiomegaly": 0.776,
        "Lung Opacity": 0.528,
        "Lung Lesion": 0.448,
        "Edema": 0.782,
        "Consolidation": 0.828,
        "Pneumonia": 0.566,
        "Atelectasis": 0.732,
        "Pneumothorax": 0.97,
        "Pleural Effusion": 0.836,
        "Pleural Other": 0.632,
        "Fracture": 0.01,
        "Support Devices": 0.854
    },
    "Accuracy_subset_mean": 0.7908
}