,No Finding,Enlarged Cardiomediastinum,Cardiomegaly,Lung Opacity,Lung Lesion,Edema,Consolidation,Pneumonia,Atelectasis,Pneumothorax,Pleural Effusion,Pleural Other,Fracture,Support Devices
ModelA,0.2,0.2,0.22361127749081344,0.2,0.2,0.18984144575683085,0.22386800055510547,0.2,0.2617765110833758,0.2,0.20504705259721442,0.2,0.2,0.2
ModelB,0.2,0.2,0.19799759566192848,0.2,0.2,0.1896731855382046,0.24068992991402077,0.2,0.2451271912129141,0.2,0.2551476255290285,0.2,0.2,0.2
ModelC,0.2,0.2,0.1611637281583404,0.2,0.2,0.16996274255515068,0.19202031197490774,0.2,0.2076342378602505,0.2,0.1663041392622037,0.2,0.2,0.2
ModelD,0.2,0.2,0.220275317368883,0.2,0.2,0.21330741004974077,0.18511111738565159,0.2,0.16140833008641534,0.2,0.18758640472885685,0.2,0.2,0.2
ModelE,0.2,0.2,0.19695208132003464,0.2,0.2,0.23721521610007312,0.15831064017031446,0.2,0.12405372975704429,0.2,0.18591477788269659,0.2,0.2,0.2
