{
    "Atelectasis": 0.43486225605010986,
    "Cardiomegaly": 0.4096592962741852,
    "Consolidation": 0.46686968207359314,
    "Edema": 0.3812813460826874,
    "Pleaural Effusion": 0.46714353561401367
}