{
    "Atelectasis": 0.6702920198440552,
    "Cardiomegaly": 0.30087223649024963,
    "Consolidation": 0.3355759084224701,
    "Edema": 0.2692149579524994,
    "Pleural Effusion": 0.24854210019111633
}