{
    "Atelectasis": 0.5289583206176758,
    "Cardiomegaly": 0.20896099507808685,
    "Consolidation": 0.289249986410141,
    "Edema": 0.23292867839336395,
    "Pleural Effusion": 0.20075738430023193
}