{
    "Atelectasis": 0.25780391693115234,
    "Cardiomegaly": 0.20825670659542084,
    "Consolidation": 0.23033568263053894,
    "Edema": 0.2764882743358612,
    "Pleural Effusion": 0.1829664409160614
}