{
    "Atelectasis": 0.630447268486023,
    "Cardiomegaly": 0.26714619994163513,
    "Consolidation": 0.3440231680870056,
    "Edema": 0.273732990026474,
    "Pleural Effusion": 0.30962833762168884
}