{
    "Atelectasis": 0.5853450298309326,
    "Cardiomegaly": 0.23391380906105042,
    "Consolidation": 0.28303611278533936,
    "Edema": 0.24837420880794525,
    "Pleural Effusion": 0.212947279214859
}