{
    "Atelectasis": 0.6288052201271057,
    "Cardiomegaly": 0.27808618545532227,
    "Consolidation": 0.34574994444847107,
    "Edema": 0.2594425678253174,
    "Pleural Effusion": 0.23885048925876617
}