{
    "Atelectasis": 0.6318567991256714,
    "Cardiomegaly": 0.2594537138938904,
    "Consolidation": 0.3595828711986542,
    "Edema": 0.2625708281993866,
    "Pleural Effusion": 0.3014845848083496
}