{
    "Atelectasis": 0.5289448499679565,
    "Cardiomegaly": 0.20893990993499756,
    "Consolidation": 0.28923386335372925,
    "Edema": 0.2329084575176239,
    "Pleural Effusion": 0.20073676109313965
}