{
    "Atelectasis": 0.5139609575271606,
    "Cardiomegaly": 0.5499868988990784,
    "Consolidation": 0.45186325907707214,
    "Edema": 0.5036029815673828,
    "Pleural Effusion": 0.4257546663284302
}