{
    "Atelectasis": 0.47631409764289856,
    "Cardiomegaly": 0.46196457743644714,
    "Consolidation": 0.4022431969642639,
    "Edema": 0.4528549909591675,
    "Pleural Effusion": 0.3686884939670563
}