{
    "Atelectasis": 0.3765729069709778,
    "Cardiomegaly": 0.32366743683815,
    "Consolidation": 0.2934071123600006,
    "Edema": 0.35903486609458923,
    "Pleural Effusion": 0.24810142815113068
}