{
    "Atelectasis": 0.32053864002227783,
    "Cardiomegaly": 0.253852903842926,
    "Consolidation": 0.23487406969070435,
    "Edema": 0.3328472673892975,
    "Pleural Effusion": 0.2282436341047287
}