{
    "AUROC": {
        "No Finding": 0.9079393135955223,
        "Enlarged Cardiomediastinum": 0.649741562785041,
        "Cardiomegaly": 0.8742101368147402,
        "Lung Opacity": 0.3372977657935285,
        "Lung Lesion": 0.5746951219512195,
        "Edema": 0.8765038279256289,
        "Consolidation": 0.8530639139029211,
        "Pneumonia": 0.6291132180702732,
        "Atelectasis": 0.8003616432163644,
        "Pneumothorax": 0.8676171079429734,
        "Pleural Effusion": 0.9353632478632479,
        "Pleural Other": 0.9924395161290323,
        "Fracture": 0.7866666666666666,
        "Support Devices": 0.9313070103720804
    },
    "AUROC_subset_mean": 0.8679005539445805,
    "F1_per_class": {
        "No Finding": 0.5957446808510638,
        "Enlarged Cardiomediastinum": 0.6719787516600265,
        "Cardiomegaly": 0.7202380952380952,
        "Lung Opacity": 0.6910994764397906,
        "Lung Lesion": 0.04624277456647399,
        "Edema": 0.5570776255707762,
        "Consolidation": 0.3235294117647059,
        "Pneumonia": 0.16666666666666669,
        "Atelectasis": 0.628992628992629,
        "Pneumothorax": 0.28571428571428575,
        "Pleural Effusion": 0.7439613526570048,
        "Pleural Other": 0.5714285714285715,
        "Fracture": 0.06153846153846154,
        "Support Devices": 0.8677042801556422
    },
    "F1_subset_mean": 0.5947598228446422,
    "Youden_per_class": {
        "No Finding": 0.5929444689939607,
        "Enlarged Cardiomediastinum": 0.0,
        "Cardiomegaly": 0.6179434144860434,
        "Lung Opacity": 0.0,
        "Lung Lesion": 0.3292682926829269,
        "Edema": 0.5924778223356424,
        "Consolidation": 0.3198623618127243,
        "Pneumonia": 0.09090909090909083,
        "Atelectasis": 0.47348891525870673,
        "Pneumothorax": 0.31500339443312964,
        "Pleural Effusion": 0.6747280497280497,
        "Pleural Other": 0.497983870967742,
        "Fracture": 0.2828282828282829,
        "Support Devices": 0.7288831177158981
    },
    "Youden-index_subset_mean": 0.5357001127242333,
    "Accuracy_per_class": {
        "No Finding": 0.886,
        "Enlarged Cardiomediastinum": 0.506,
        "Cardiomegaly": 0.812,
        "Lung Opacity": 0.528,
        "Lung Lesion": 0.34,
        "Edema": 0.806,
        "Consolidation": 0.908,
        "Pneumonia": 0.98,
        "Atelectasis": 0.698,
        "Pneumothorax": 0.97,
        "Pleural Effusion": 0.894,
        "Pleural Other": 0.994,
        "Fracture": 0.878,
        "Support Devices": 0.864
    },
    "Accuracy_subset_mean": 0.8236000000000001
}