{
    "accuracy": 0.6207143068313599,
    "youden_index": {
        "No Finding": 0.7082228660583496,
        "Enlarged Cardiomediastinum": 0.0,
        "Cardiomegaly": 0.33740389347076416,
        "Lung Opacity": 0.0,
        "Lung Lesion": 0.39698493480682373,
        "Edema": 0.5036165714263916,
        "Consolidation": 0.5580357313156128,
        "Pneumonia": 0.28645825386047363,
        "Atelectasis": 0.42133331298828125,
        "Pneumothorax": 0.10481095314025879,
        "Pleural Effusion": 0.5974264144897461,
        "Pleural Other": 0.0,
        "Fracture": -1.0,
        "Support Devices": 0.6504650115966797
    },
    "f1_score": {
        "No Finding": 0.6111111111111112,
        "Enlarged Cardiomediastinum": 0.6885245901639345,
        "Cardiomegaly": 0.5633802816901409,
        "Lung Opacity": 0.7341772151898733,
        "Lung Lesion": 0.01639344262295082,
        "Edema": 0.5934065934065934,
        "Consolidation": 0.5609756097560976,
        "Pneumonia": 0.1509433962264151,
        "Atelectasis": 0.6632124352331606,
        "Pneumothorax": 0.10526315789473684,
        "Pleural Effusion": 0.7194244604316546,
        "Pleural Other": 0.009950248756218907,
        "Fracture": 0.0,
        "Support Devices": 0.8275862068965517
    },
    "average_youden_index": 0.4835631847381592,
    "average_f1_score": 0.6200798761035294
}