{
    "AUROC": {
        "No Finding": 0.9079393135955223,
        "Enlarged Cardiomediastinum": 0.649741562785041,
        "Cardiomegaly": 0.8748173589631683,
        "Lung Opacity": 0.3372977657935285,
        "Lung Lesion": 0.5746951219512195,
        "Edema": 0.8773240977032446,
        "Consolidation": 0.8551870561534519,
        "Pneumonia": 0.6291132180702732,
        "Atelectasis": 0.8016801341093593,
        "Pneumothorax": 0.8676171079429734,
        "Pleural Effusion": 0.9355817793317793,
        "Pleural Other": 0.9924395161290323,
        "Fracture": 0.7866666666666666,
        "Support Devices": 0.9313070103720804
    },
    "AUROC_subset_mean": 0.8689180852522007,
    "F1_per_class": {
        "No Finding": 0.5957446808510638,
        "Enlarged Cardiomediastinum": 0.6648648648648648,
        "Cardiomegaly": 0.7027027027027027,
        "Lung Opacity": 0.6910994764397906,
        "Lung Lesion": 0.04166666666666666,
        "Edema": 0.5738396624472575,
        "Consolidation": 0.3252032520325203,
        "Pneumonia": 0.05240174672489083,
        "Atelectasis": 0.6282722513089005,
        "Pneumothorax": 0.2105263157894737,
        "Pleural Effusion": 0.696969696969697,
        "Pleural Other": 0.04166666666666667,
        "Fracture": 0.019801980198019802,
        "Support Devices": 0.8560157790927021
    },
    "F1_subset_mean": 0.5853975130922157,
    "Youden_per_class": {
        "No Finding": 0.5929444689939607,
        "Enlarged Cardiomediastinum": -0.0033764862140147622,
        "Cardiomegaly": 0.6059128256703161,
        "Lung Opacity": 0.0,
        "Lung Lesion": 0.19308943089430897,
        "Edema": 0.6561550613683316,
        "Consolidation": 0.532542645874515,
        "Pneumonia": 0.1119167131437071,
        "Atelectasis": 0.47019268802621905,
        "Pneumothorax": 0.2059289431998188,
        "Pleural Effusion": 0.7128982128982129,
        "Pleural Other": 0.629032258064516,
        "Fracture": 0.0,
        "Support Devices": 0.7100787123871815
    },
    "Youden-index_subset_mean": 0.595540286767519,
    "Accuracy_per_class": {
        "No Finding": 0.886,
        "Enlarged Cardiomediastinum": 0.504,
        "Cardiomegaly": 0.78,
        "Lung Opacity": 0.528,
        "Lung Lesion": 0.448,
        "Edema": 0.798,
        "Consolidation": 0.834,
        "Pneumonia": 0.566,
        "Atelectasis": 0.716,
        "Pneumothorax": 0.97,
        "Pleural Effusion": 0.84,
        "Pleural Other": 0.632,
        "Fracture": 0.01,
        "Support Devices": 0.854
    },
    "Accuracy_subset_mean": 0.7936
}