{
    "Atelectasis": 0.47172167897224426,
    "Cardiomegaly": 0.4589628577232361,
    "Consolidation": 0.3996768295764923,
    "Edema": 0.4559055268764496,
    "Pleural Effusion": 0.37410104274749756
}