{
    "Atelectasis": 0.5751201510429382,
    "Cardiomegaly": 0.22556723654270172,
    "Consolidation": 0.27990493178367615,
    "Edema": 0.24069128930568695,
    "Pleural Effusion": 0.20940418541431427
}