{
    "Atelectasis": 0.632469117641449,
    "Cardiomegaly": 0.2642991244792938,
    "Consolidation": 0.3437153100967407,
    "Edema": 0.270355224609375,
    "Pleural Effusion": 0.3033468425273895
}