{
    "Atelectasis": 0.6611781716346741,
    "Cardiomegaly": 0.28817763924598694,
    "Consolidation": 0.35331594944000244,
    "Edema": 0.2678677439689636,
    "Pleural Effusion": 0.24515807628631592
}