{
    "Atelectasis": 0.4820023775100708,
    "Cardiomegaly": 0.5319790840148926,
    "Consolidation": 0.4408840537071228,
    "Edema": 0.4760642647743225,
    "Pleural Effusion": 0.4626803398132324
}