{
    "Atelectasis": 0.4892154633998871,
    "Cardiomegaly": 0.5252276062965393,
    "Consolidation": 0.45242026448249817,
    "Edema": 0.47571641206741333,
    "Pleural Effusion": 0.45518532395362854
}