{
    "Atelectasis": 0.5382617712020874,
    "Cardiomegaly": 0.5501754879951477,
    "Consolidation": 0.48268771171569824,
    "Edema": 0.5183939337730408,
    "Pleural Effusion": 0.47546103596687317
}