{
    "Atelectasis": 0.404300719499588,
    "Cardiomegaly": 0.3352053761482239,
    "Consolidation": 0.30866846442222595,
    "Edema": 0.3813357651233673,
    "Pleural Effusion": 0.2640269994735718
}