{
    "Atelectasis": 0.3697497248649597,
    "Cardiomegaly": 0.3662429451942444,
    "Consolidation": 0.39764657616615295,
    "Edema": 0.3768116235733032,
    "Pleaural Effusion": 0.36044833064079285
}