{
    "Atelectasis": 0.5886385440826416,
    "Cardiomegaly": 0.5655039548873901,
    "Consolidation": 0.5893263220787048,
    "Edema": 0.5587493181228638,
    "Pleaural Effusion": 0.5979556441307068
}