{
    "AUROC": {
        "No Finding": 0.9079393135955223,
        "Enlarged Cardiomediastinum": 0.649741562785041,
        "Cardiomegaly": 0.8773411260175715,
        "Lung Opacity": 0.3372977657935285,
        "Lung Lesion": 0.5746951219512195,
        "Edema": 0.8710961234657917,
        "Consolidation": 0.8613368474998169,
        "Pneumonia": 0.6291132180702732,
        "Atelectasis": 0.793882202256503,
        "Pneumothorax": 0.8676171079429734,
        "Pleural Effusion": 0.9326194638694638,
        "Pleural Other": 0.9924395161290323,
        "Fracture": 0.7866666666666666,
        "Support Devices": 0.9313070103720804
    },
    "AUROC_subset_mean": 0.8672551526218294,
    "F1_per_class": {
        "No Finding": 0.2191780821917808,
        "Enlarged Cardiomediastinum": 0.0,
        "Cardiomegaly": 0.7103825136612022,
        "Lung Opacity": 0.0,
        "Lung Lesion": 0.03809523809523809,
        "Edema": 0.5499999999999999,
        "Consolidation": 0.3333333333333333,
        "Pneumonia": 0.0,
        "Atelectasis": 0.6020942408376964,
        "Pneumothorax": 0.19999999999999998,
        "Pleural Effusion": 0.6861313868613139,
        "Pleural Other": 0.0,
        "Fracture": 0.0,
        "Support Devices": 0.7982261640798226
    },
    "F1_subset_mean": 0.5763882949387092,
    "Youden_per_class": {
        "No Finding": 0.12218294299602306,
        "Enlarged Cardiomediastinum": 0.0,
        "Cardiomegaly": 0.6173741437218923,
        "Lung Opacity": 0.0,
        "Lung Lesion": 0.09756097560975618,
        "Edema": 0.6186656944950784,
        "Consolidation": 0.562779119994143,
        "Pneumonia": 0.0,
        "Atelectasis": 0.42310372756211034,
        "Pneumothorax": 0.11111111111111116,
        "Pleural Effusion": 0.7119269619269619,
        "Pleural Other": 0.0,
        "Fracture": 0.0,
        "Support Devices": 0.6478141682296927
    },
    "Youden-index_subset_mean": 0.5867699295400373,
    "Accuracy_per_class": {
        "No Finding": 0.886,
        "Enlarged Cardiomediastinum": 0.494,
        "Cardiomegaly": 0.788,
        "Lung Opacity": 0.472,
        "Lung Lesion": 0.596,
        "Edema": 0.784,
        "Consolidation": 0.832,
        "Pneumonia": 0.978,
        "Atelectasis": 0.696,
        "Pneumothorax": 0.984,
        "Pleural Effusion": 0.828,
        "Pleural Other": 0.992,
        "Fracture": 0.99,
        "Support Devices": 0.818
    },
    "Accuracy_subset_mean": 0.7855999999999999
}