{
    "Atelectasis": 0.311045378446579,
    "Cardiomegaly": 0.33574557304382324,
    "Consolidation": 0.31084007024765015,
    "Edema": 0.4009101688861847,
    "Pleural Effusion": 0.25213709473609924
}