{
    "Atelectasis": 0.3655124008655548,
    "Cardiomegaly": 0.3417911231517792,
    "Consolidation": 0.2965618073940277,
    "Edema": 0.3117465376853943,
    "Pleural Effusion": 0.24243223667144775
}