{
    "Atelectasis": 0.37656986713409424,
    "Cardiomegaly": 0.32366496324539185,
    "Consolidation": 0.2934035062789917,
    "Edema": 0.3590322732925415,
    "Pleural Effusion": 0.2480970174074173
}