{
    "Atelectasis": 0.3953973948955536,
    "Cardiomegaly": 0.2895669639110565,
    "Consolidation": 0.2931143343448639,
    "Edema": 0.34673771262168884,
    "Pleural Effusion": 0.2264680713415146
}